-- characters
INSERT INTO character VALUES ('Aether', 5, NULL, 'Sword', 'Male', NULL);
INSERT INTO character VALUES ('Albedo', 5, 'Geo', 'Sword', 'Male', 'Mondstadt');
INSERT INTO character VALUES ('Aloy', 5, 'Cryo', 'Bow', 'Female', NULL);
INSERT INTO character VALUES ('Amber', 4, 'Pyro', 'Bow', 'Female', 'Mondstadt');
INSERT INTO character VALUES ('Barbara', 4, 'Hydro', 'Catalyst', 'Female', 'Mondstadt');
INSERT INTO character VALUES ('Beidou', 4, 'Electro', 'Claymore', 'Female', 'Liyue');
INSERT INTO character VALUES ('Bennett', 4, 'Pyro', 'Sword', 'Male', 'Mondstadt');
INSERT INTO character VALUES ('Chongyun', 4, 'Cryo', 'Claymore', 'Male', 'Liyue');
INSERT INTO character VALUES ('Diluc', 5, 'Pyro', 'Claymore', 'Male', 'Mondstadt');
INSERT INTO character VALUES ('Diona', 4, 'Cryo', 'Bow', 'Female', 'Mondstadt');
INSERT INTO character VALUES ('Eula', 5, 'Cryo', 'Claymore', 'Female', 'Mondstadt');
INSERT INTO character VALUES ('Fischl', 4, 'Electro', 'Bow', 'Female', 'Mondstadt');
INSERT INTO character VALUES ('Ganyu', 5, 'Cryo', 'Bow', 'Female', 'Liyue');
INSERT INTO character VALUES ('Hu Tao', 5, 'Pyro', 'Polearm', 'Female', 'Liyue');
INSERT INTO character VALUES ('Jean', 5, 'Anemo', 'Sword', 'Female', 'Mondstadt');
INSERT INTO character VALUES ('Kaedehara Kazuha', 5, 'Anemo', 'Sword', 'Male', 'Inazuma');
INSERT INTO character VALUES ('Kaeya', 4, 'Cryo', 'Sword', 'Male', 'Mondstadt');
INSERT INTO character VALUES ('Kamisato Ayaka', 5, 'Cryo', 'Sword', 'Female', 'Inazuma');
INSERT INTO character VALUES ('Keqing', 5, 'Electro', 'Sword', 'Female', 'Liyue');
INSERT INTO character VALUES ('Klee', 5, 'Pyro', 'Catalyst', 'Female', 'Mondstadt');
INSERT INTO character VALUES ('Kujou Sara', 4, 'Electro', 'Bow', 'Female', 'Inazuma');
INSERT INTO character VALUES ('Lisa', 4, 'Electro', 'Catalyst', 'Female', 'Mondstadt');
INSERT INTO character VALUES ('Lumine', 5, NULL, 'Sword', 'Female', NULL);
INSERT INTO character VALUES ('Mona', 5, 'Hydro', 'Catalyst', 'Female', 'Mondstadt');
INSERT INTO character VALUES ('Ningguang', 4, 'Geo', 'Catalyst', 'Female', 'Liyue');
INSERT INTO character VALUES ('Noelle', 4, 'Geo', 'Claymore', 'Female', 'Mondstadt');
INSERT INTO character VALUES ('Qiqi', 5, 'Cryo', 'Sword', 'Female', 'Liyue');
INSERT INTO character VALUES ('Raiden Shogun', 5, 'Electro', 'Polearm', 'Female', 'Inazuma');
INSERT INTO character VALUES ('Razor', 4, 'Electro', 'Claymore', 'Male', 'Mondstadt');
INSERT INTO character VALUES ('Rosaria', 4, 'Cryo', 'Polearm', 'Female', 'Mondstadt');
INSERT INTO character VALUES ('Sayu', 4, 'Anemo', 'Claymore', 'Female', 'Inazuma');
INSERT INTO character VALUES ('Sucrose', 4, 'Anemo', 'Catalyst', 'Female', 'Mondstadt');
INSERT INTO character VALUES ('Tartaglia', 5, 'Hydro', 'Bow', 'Male', 'Snezhnaya');
INSERT INTO character VALUES ('Venti', 5, 'Anemo', 'Bow', 'Male', 'Mondstadt');
INSERT INTO character VALUES ('Xiangling', 4, 'Pyro', 'Polearm', 'Female', 'Liyue');
INSERT INTO character VALUES ('Xiao', 5, 'Anemo', 'Polearm', 'Male', 'Liyue');
INSERT INTO character VALUES ('Xingqiu', 4, 'Hydro', 'Sword', 'Male', 'Liyue');
INSERT INTO character VALUES ('Xinyan', 4, 'Pyro', 'Claymore', 'Female', 'Liyue');
INSERT INTO character VALUES ('Yanfei', 4, 'Pyro', 'Catalyst', 'Female', 'Liyue');
INSERT INTO character VALUES ('Yoimiya', 5, 'Pyro', 'Bow', 'Female', 'Inazuma');
INSERT INTO character VALUES ('Zhongli', 5, 'Geo', 'Polearm', 'Male', 'Liyue');

-- talents

-- constellations

-- ascensions

-- talent levels

-- materials

-- local specialties
INSERT INTO local_specialty VALUES ('Calla Lily', 'Mondstadt');
INSERT INTO local_specialty VALUES ('Cecilia', 'Mondstadt');
INSERT INTO local_specialty VALUES ('Dandelion Seed', 'Mondstadt');
INSERT INTO local_specialty VALUES ('Philanemo Mushroom', 'Mondstadt');
INSERT INTO local_specialty VALUES ('Small Lamp Grass', 'Mondstadt');
INSERT INTO local_specialty VALUES ('Valberry', 'Mondstadt');
INSERT INTO local_specialty VALUES ('Windwheel Aster', 'Mondstadt');
INSERT INTO local_specialty VALUES ('Wolfhook', 'Mondstadt');
INSERT INTO local_specialty VALUES ('Cor Lapis', 'Liyue');
INSERT INTO local_specialty VALUES ('Glaze Lily', 'Liyue');
INSERT INTO local_specialty VALUES ('Jueyun Chili', 'Liyue');
INSERT INTO local_specialty VALUES ('Notilucous Jade', 'Liyue');
INSERT INTO local_specialty VALUES ('Qingxin', 'Liyue');
INSERT INTO local_specialty VALUES ('Silk Flower', 'Liyue');
INSERT INTO local_specialty VALUES ('Starconch', 'Liyue');
INSERT INTO local_specialty VALUES ('Violetgrass', 'Liyue');
INSERT INTO local_specialty VALUES ('Amakumo Fruit', 'Inazuma');
INSERT INTO local_specialty VALUES ('Crystal Marrow', 'Inazuma');
INSERT INTO local_specialty VALUES ('Dendrobium', 'Inazuma');
INSERT INTO local_specialty VALUES ('Nadu Weed', 'Inazuma');
INSERT INTO local_specialty VALUES ('Onikabuto', 'Inazuma');
INSERT INTO local_specialty VALUES ('Sakura Bloom', 'Inazuma');
INSERT INTO local_specialty VALUES ('Sango Pearl', 'Inazuma');
INSERT INTO local_specialty VALUES ('Sea Ganoderma', 'Inazuma');

-- constellation activation materials
INSERT INTO constellation_activation_material VALUES ('Four Star Stella Fortuna');
INSERT INTO constellation_activation_material VALUES ('Five Star Stella Fortuna');
INSERT INTO constellation_activation_material VALUES ('Memory of Roving Gales');
INSERT INTO constellation_activation_material VALUES ('Memory of Immovable Crystals');
INSERT INTO constellation_activation_material VALUES ('Memory of Violet Flash');

-- common enemies

-- common ascension materials

-- common enemy drops

-- ascension gems

-- normal bosses
INSERT INTO normal_boss VALUES ('Anemo Hypostasis', 'Mondstadt');
INSERT INTO normal_boss VALUES ('Electro Hypostasis', 'Mondstadt');
INSERT INTO normal_boss VALUES ('Cryo Regisvine', 'Mondstadt');
INSERT INTO normal_boss VALUES ('Cryo Hypostasis', 'Mondstadt');
INSERT INTO normal_boss VALUES ('Oceanid', 'Liyue');
INSERT INTO normal_boss VALUES ('Pyro Regisvine', 'Liyue');
INSERT INTO normal_boss VALUES ('Geo Hypostasis', 'Liyue');
INSERT INTO normal_boss VALUES ('Primo Geovishap', 'Liyue');
INSERT INTO normal_boss VALUES ('Maguu Kenki', 'Inazuma');
INSERT INTO normal_boss VALUES ('Pyro Hypostasis', 'Inazuma');
INSERT INTO normal_boss VALUES ('Perpetual Mechanical Array', 'Inazuma');
INSERT INTO normal_boss VALUES ('Hydro Hypostasis', 'Inazuma');
INSERT INTO normal_boss VALUES ('Thunder Manifestation', 'Inazuma');

-- normal boss drops
INSERT INTO normal_boss_drop VALUES ('Hurricane Seed', 'Anemo Hypostasis');
INSERT INTO normal_boss_drop VALUES ('Lightning Prism', 'Electro Hypostasis');
INSERT INTO normal_boss_drop VALUES ('Basalt Pillar', 'Geo Hypostasis');
INSERT INTO normal_boss_drop VALUES ('Hoarfrost Core', 'Cryo Regisvine');
INSERT INTO normal_boss_drop VALUES ('Everflame Seed', 'Pyro Regisvine');
INSERT INTO normal_boss_drop VALUES ('Cleansing Heart', 'Oceanid');
INSERT INTO normal_boss_drop VALUES ('Juvenile Jade', 'Primo Geovishap');
INSERT INTO normal_boss_drop VALUES ('Crystalline Bloom', 'Cryo Hypostasis');
INSERT INTO normal_boss_drop VALUES ('Marionette Core', 'Maguu Kenki');
INSERT INTO normal_boss_drop VALUES ('Perpetual Heart', 'Perpetual Mechanical Array');
INSERT INTO normal_boss_drop VALUES ('Smoldering Pearl', 'Pyro Hypostasis');
INSERT INTO normal_boss_drop VALUES ('Dew of Repudiation', 'Hydro Hypostasis');
INSERT INTO normal_boss_drop VALUES ('Storm Beads', 'Thunder Manifestation');

-- domains

-- talent books
INSERT INTO talent_book VALUES ();

-- weekly bosses
INSERT INTO weekly_boss VALUES ('Dvalin', '');
INSERT INTO weekly_boss VALUES ('Andrius', '');
INSERT INTO weekly_boss VALUES ('Childe', '');
INSERT INTO weekly_boss VALUES ('Azhdaha', '');
INSERT INTO weekly_boss VALUES ('Signora', '');

-- weekly boss drops
INSERT INTO weekly_boss_drop VALUES ('Dvalin\'s Plume', 'Dvalin');
INSERT INTO weekly_boss_drop VALUES ('Dvalin\'s Claw', 'Dvalin');
INSERT INTO weekly_boss_drop VALUES ('Dvalin\'s Sigh', 'Dvalin');
INSERT INTO weekly_boss_drop VALUES ('Tail of Boreas', 'Andrius');
INSERT INTO weekly_boss_drop VALUES ('Ring of Boreas', 'Andrius');
INSERT INTO weekly_boss_drop VALUES ('Spirit Locket of Boreas', 'Andrius');
INSERT INTO weekly_boss_drop VALUES ('Tusk of Monoceros Caeli', 'Childe');
INSERT INTO weekly_boss_drop VALUES ('Shard of a Foul Legacy', 'Childe');
INSERT INTO weekly_boss_drop VALUES ('Shadow of the Warrior', 'Childe');
INSERT INTO weekly_boss_drop VALUES ('Dragon Lord\'s Crown', 'Azhdaha');
INSERT INTO weekly_boss_drop VALUES ('Bloodjade Branch', 'Azhdaha');
INSERT INTO weekly_boss_drop VALUES ('Gilded Scale', 'Azhdaha');
INSERT INTO weekly_boss_drop VALUES ('Molten Moment', 'Signora');
INSERT INTO weekly_boss_drop VALUES ('Hellfire Butterfly', 'Signora');
INSERT INTO weekly_boss_drop VALUES ('Ashen Heart', 'Signora');