-- characters
INSERT INTO character VALUES ('Aether', 5, 'Sword', 'Male', NULL);
INSERT INTO character VALUES ('Albedo', 5, 'Sword', 'Male', 'Mondstadt');
INSERT INTO character VALUES ('Aloy', 5, 'Bow', 'Female', NULL);
INSERT INTO character VALUES ('Amber', 4, 'Bow', 'Female', 'Mondstadt');
INSERT INTO character VALUES ('Barbara', 4, 'Catalyst', 'Female', 'Mondstadt');
INSERT INTO character VALUES ('Beidou', 4, 'Claymore', 'Female', 'Liyue');
INSERT INTO character VALUES ('Bennett', 4, 'Sword', 'Male', 'Mondstadt');
INSERT INTO character VALUES ('Chongyun', 4, 'Claymore', 'Male', 'Liyue');
INSERT INTO character VALUES ('Diluc', 5, 'Claymore', 'Male', 'Mondstadt');
INSERT INTO character VALUES ('Diona', 4, 'Bow', 'Female', 'Mondstadt');
INSERT INTO character VALUES ('Eula', 5, 'Claymore', 'Female', 'Mondstadt');
INSERT INTO character VALUES ('Fischl', 4, 'Bow', 'Female', 'Mondstadt');
INSERT INTO character VALUES ('Ganyu', 5, 'Bow', 'Female', 'Liyue');
INSERT INTO character VALUES ('Hu Tao', 5, 'Polearm', 'Female', 'Liyue');
INSERT INTO character VALUES ('Jean', 5, 'Sword', 'Female', 'Mondstadt');
INSERT INTO character VALUES ('Kaedehara Kazuha', 5, 'Anemo', 'Sword', 'Male', 'Inazuma');
INSERT INTO character VALUES ('Kaeya', 4, 'Sword', 'Male', 'Mondstadt');
INSERT INTO character VALUES ('Kamisato Ayaka', 5, 'Sword', 'Female', 'Inazuma');
INSERT INTO character VALUES ('Keqing', 5, 'Sword', 'Female', 'Liyue');
INSERT INTO character VALUES ('Klee', 5, 'Catalyst', 'Female', 'Mondstadt');
INSERT INTO character VALUES ('Kujou Sara', 4, 'Bow', 'Female', 'Inazuma');
INSERT INTO character VALUES ('Lisa', 4, 'Female', 'Mondstadt');
INSERT INTO character VALUES ('Lumine', 5, 'Sword', 'Female', NULL);
INSERT INTO character VALUES ('Mona', 5, 'Catalyst', 'Female', 'Mondstadt');
INSERT INTO character VALUES ('Ningguang', 4, 'Catalyst', 'Female', 'Liyue');
INSERT INTO character VALUES ('Noelle', 4, 'Claymore', 'Female', 'Mondstadt');
INSERT INTO character VALUES ('Qiqi', 5, 'Sword', 'Female', 'Liyue');
INSERT INTO character VALUES ('Raiden Shogun', 5, 'Polearm', 'Female', 'Inazuma');
INSERT INTO character VALUES ('Razor', 4, 'Claymore', 'Male', 'Mondstadt');
INSERT INTO character VALUES ('Rosaria', 4, 'Polearm', 'Female', 'Mondstadt');
INSERT INTO character VALUES ('Sayu', 4, 'Claymore', 'Female', 'Inazuma');
INSERT INTO character VALUES ('Sucrose', 4, 'Catalyst', 'Female', 'Mondstadt');
INSERT INTO character VALUES ('Tartaglia', 5, 'Bow', 'Male', 'Snezhnaya');
INSERT INTO character VALUES ('Venti', 5, 'Bow', 'Male', 'Mondstadt');
INSERT INTO character VALUES ('Xiangling', 4, 'Polearm', 'Female', 'Liyue');
INSERT INTO character VALUES ('Xiao', 5, 'Polearm', 'Male', 'Liyue');
INSERT INTO character VALUES ('Xingqiu', 4, 'Sword', 'Male', 'Liyue');
INSERT INTO character VALUES ('Xinyan', 4, 'Claymore', 'Female', 'Liyue');
INSERT INTO character VALUES ('Yanfei', 4, 'Catalyst', 'Female', 'Liyue');
INSERT INTO character VALUES ('Yoimiya', 5, 'Bow', 'Female', 'Inazuma');
INSERT INTO character VALUES ('Zhongli', 5, 'Polearm', 'Male', 'Liyue');

-- constellations
INSERT INTO constellation VALUES ('Aether', 'Anemo', 'Memory of Roving Gales');
INSERT INTO constellation VALUES ('Aether', 'Geo', 'Memory of Immovable Crystals');
INSERT INTO constellation VALUES ('Aether', 'Electro', 'Memory of Violet Flash');
INSERT INTO constellation VALUES ('Albedo', 'Geo', 'Five Star Stella Fortuna');
INSERT INTO constellation VALUES ('Amber', 'Pyro', 'Four Star Stella Fortuna');
INSERT INTO constellation VALUES ('Barbara', 'Hydro', 'Four Star Stella Fortuna');
INSERT INTO constellation VALUES ('Beidou', 'Electro', 'Four Star Stella Fortuna');
INSERT INTO constellation VALUES ('Bennett', 'Pyro', 'Four Star Stella Fortuna');
INSERT INTO constellation VALUES ('Chongyun', 'Cryo', 'Four Star Stella Fortuna');
INSERT INTO constellation VALUES ('Diluc', 'Pyro', 'Five Star Stella Fortuna');
INSERT INTO constellation VALUES ('Diona', 'Cryo', 'Four Star Stella Fortuna');
INSERT INTO constellation VALUES ('Eula', 'Cryo', 'Five Star Stella Fortuna');
INSERT INTO constellation VALUES ('Fischl', 'Electro', 'Four Star Stella Fortuna');
INSERT INTO constellation VALUES ('Ganyu', 'Cryo', 'Five Star Stella Fortuna');
INSERT INTO constellation VALUES ('Hu Tao', 'Pyro', 'Five Star Stella Fortuna);
INSERT INTO constellation VALUES ('Jean', 'Anemo', 'Five Star Stella Fortuna');
INSERT INTO constellation VALUES ('Kaedehara Kazuha', 'Anemo', 'Five Star Stella Fortuna');
INSERT INTO constellation VALUES ('Kaeya', 'Cryo', 'Four Star Stella Fortuna');
INSERT INTO constellation VALUES ('Kamisato Ayaka', 'Cryo', 'Five Star Stella Fortuna');
INSERT INTO constellation VALUES ('Keqing', 'Electro', 'Five Star Stella Fortuna');
INSERT INTO constellation VALUES ('Klee', 'Pyro', 'Five Star Stella Fortuna');
INSERT INTO constellation VALUES ('Kujou Sara', 'Electro', 'Four Star Stella Fortuna');
INSERT INTO constellation VALUES ('Lisa', 'Electro', 'Four Star Stella Fortuna');
INSERT INTO constellation VALUES ('Mona', 'Hydro', 'Five Star Stella Fortuna');
INSERT INTO constellation VALUES ('Ningguang', 'Geo', 'Four Star Stella Fortuna');
INSERT INTO constellation VALUES ('Noelle', 'Geo', 'Four Star Stella Fortuna');
INSERT INTO constellation VALUES ('Qiqi', 'Cryo', 'Five Star Stella Fortuna');
INSERT INTO constellation VALUES ('Raiden Shogun', 'Electro', 'Five Star Stella Fortuna');
INSERT INTO constellation VALUES ('Razor', 'Electro', 'Four Star Stella Fortuna');
INSERT INTO constellation VALUES ('Rosaria', 'Cryo', 'Four Star Stella Fortuna');
INSERT INTO constellation VALUES ('Sayu', 'Anemo', 'Four Star Stella Fortuna');
INSERT INTO constellation VALUES ('Sucrose', 'Anemo', 'Four Star Stella Fortuna');
INSERT INTO constellation VALUES ('Tartaglia', 'Hydro', 'Five Star Stella Fortuna');
INSERT INTO constellation VALUES ('Venti', 'Anemo', 'Five Star Stella Fortuna');
INSERT INTO constellation VALUES ('Xiangling', 'Pyro', 'Four Star Stella Fortuna');
INSERT INTO constellation VALUES ('Xiao', 'Anemo', 'Five Star Stella Fortuna');
INSERT INTO constellation VALUES ('Xingqiu', 'Hydro', 'Four Star Stella Fortuna');
INSERT INTO constellation VALUES ('Xinyan', 'Pyro', 'Four Star Stella Fortuna');
INSERT INTO constellation VALUES ('Yanfei', 'Pyro', 'Four Star Stella Fortuna');
INSERT INTO constellation VALUES ('Yoimiya', 'Pyro', 'Five Star Stella Fortuna');
INSERT INTO constellation VALUES ('Zhongli', 'Geo', 'Five Star Stella Fortuna');

-- constellation levels
INSERT INTO constellation_level VALUES ('Raging Vortex', 'Aether', 'Anemo', 1,
                                          'Palm Vortex pulls in opponents and objects within a 5m radius.');
INSERT INTO constellation_level VALUES ('Uprising Whirlwind', 'Aether', 'Anemo', 2,
                                          'Increases Energy Recharge by 16%.');
INSERT INTO constellation_level VALUES ('Sweeping Gust', 'Aether', 'Anemo', 3,
                                          'Increases the Level of Gust Surge by 3.' + char(10) +
                                          'Maximum upgrade level is 15.');
INSERT INTO constellation_level VALUES ('Cherishing Breezes', 'Aether', 'Anemo', 4,
                                          'Reduces DMG taken while casting Palm Vortex by 10%.');
INSERT INTO constellation_level VALUES ('Vortex Stellaris', 'Aether', 'Anemo', 5,
                                          'Increases the Level of Palm Vortex by 3.' + char(10) +
                                          'Maximum upgrade level is 15.');
INSERT INTO constellation_level VALUES ('Intertwined Winds', 'Aether', 'Anemo', 6,
                                          'Targets who take DMG from Gust Surge have their Anemo RES decreased by 20%.' + char(10) +
                                          'If an Elemental Absorption occurred, then their RES towards ' +
                                          'the corresponding Element is also decreased by 20%.');

INSERT INTO constellation_level VALUES ('Invincible Stonewall', 'Aether', 'Geo', 1,
                                          'Party members within the radius of Wake of Earth have their CRIT Rate increased ' +
                                          'by 10% and have increased resistance against interruption.');
INSERT INTO constellation_level VALUES ('Rockcore Meltdown', 'Aether', 'Geo', 2,
                                          'When the meteorite created by Starfell Sword is destroyed, it will also explode, ' +
                                          'dealing additional AoE Geo DMG equal to the amount of damage dealt by Starfell ' +
                                          'Sword.');
INSERT INTO constellation_level VALUES ('Will of the Rock', 'Aether', 'Geo', 3,
                                          'Increases the Level of Wake of Earth by 3.' + char(10) +
                                          'Maximum upgrade level is 15.');
INSERT INTO constellation_level VALUES ('Reaction Force', 'Aether', 'Geo', 4,
                                          'The shockwave triggered by Wake of Earth regenerates 5 Energy for every opponent hit.' + char(10) +
                                          'A maximum of 25 Energy can be regenerated in this manner at ' +
                                          'any one time.');
INSERT INTO constellation_level VALUES ('Meteorite Impact', 'Aether', 'Geo', 5,
                                          'Increases the Level of Starfell Sword by 3.' + char(10) +
                                          'Maximum upgrade level is 15.');
INSERT INTO constellation_level VALUES ('Everlasting Boulder', 'Aether', 'Geo', 6,
                                          'The barrier created by Wake of Earth lasts 5s longer.' + char(10) +
                                          'The meteorite created by Starfell Sword lasts 10s longer.');

INSERT INTO constellation_level VALUES ('Spring Thunder of Fertility', 'Aether', 'Electro', 1,
                                          'The number of Abundance Amulets that can be generated using Lightning Blade is ' +
                                          'increased to 3.');
INSERT INTO constellation_level VALUES ('Violet Vehemence', 'Aether', 'Electro', 2,
                                          'When Falling Thunder created by Bellowing Thunder hits an opponent, it will ' +
                                          'decrease their Electro RES by 15% for 8s.');
INSERT INTO constellation_level VALUES ('Distant Crackling', 'Aether', 'Electro', 3,
                                          'Increases the Level of Bellowing Thunder by 3.' + char(10) +
                                          'Maximum upgrade level is 15.');
INSERT INTO constellation_level VALUES ('Fickle Cloudstrike', 'Aether', 'Electro', 4,
                                          'When a character obtains Abundance Amulets generated by Lightning Blade, if this ' +
                                          'character\'s Energy is less than 35%, the Energy restored by the Abundance ' +
                                          'Amulets is increased by 100%.');
INSERT INTO constellation_level VALUES ('Clamor in the Wilds', 'Aether', 'Electro', 5,
                                          'Increases the Level of Lightning Blade by 3.' + char(10) +
                                          'Maximum upgrade level is 15.');
INSERT INTO constellation_level VALUES ('World-Shaker', 'Aether', 'Electro', 6,
                                          'Every 2 Falling Thunder attacks triggered by Bellowing Thunder will increase the ' +
                                          'DMG dealt by the next Falling Thunder by 200%, and will restore an additional 1 ' +
                                          'Energy to the current character.');

INSERT INTO constellation_level VALUES ('Flower of Eden', 'Albedo', 'Geo', 1,
                                          'Transient Blossoms generated by Albedo\'s Abiogenesis: Solar Isotoma regenerate ' +
                                          '1.2 Energy for Albedo.');
INSERT INTO constellation_level VALUES ('Opening of Phanerozoic', 'Albedo', 'Geo', 2,
                                          'Transient Blossoms generated by Abiogenesis: Solar Isotoma grant Albedo Fatal Reckoning for 30s:' + char(10) +
                                          'Unleashing Rite of Progeniture: Tectonic Tide consumes all stacks of Fatal ' +
                                          'Reckoning. Each stack of Fatal Reckoning consumed increases the DMG dealt by ' +
                                          'Fatal Blossoms and Rite of Progeniture: Tectonic Tide\'s burst DMG by 30% of Albedo\'s DEF.' + char(10) +
                                          'This effect stacks up to 4 times.');
INSERT INTO constellation_level VALUES ('Grace of Helios', 'Albedo', 'Geo', 3,
                                          'Increases the Level of Abiogenesis: Solar Isotoma by 3.' + char(10) +
                                          'Maximum upgrade level is 15.');
INSERT INTO constellation_level VALUES ('Descent of Divinity', 'Albedo', 'Geo', 4,
                                          'Active party members within the Solar Isotoma field have their Plunging Attack ' +
                                          'DMG increased by 30%.');
INSERT INTO constellation_level VALUES ('Tide of Hadean', 'Albedo', 'Geo', 5,
                                          'Increases the Level of Rite of Progeniture: Tectonic Tide by 3.' + char(10) +
                                          'Maximum upgrade level is 15.');
INSERT INTO constellation_level VALUES ('Dust of Purification', 'Albedo', 'Geo', 6,
                                          'Active party members within the Solar Isotoma field who are protected by a ' +
                                          'shield created by Crystallize have their DMG increased by 17%.');

INSERT INTO constellation_level VALUES ('One Arrow to Rule Them All', 'Amber', 'Pyro', 1,
                                          'Fires 2 arrows per Aimed Shot. The second arrow deals 20% of the first arrow\'s DMG.');
INSERT INTO constellation_level VALUES ('Bunny Triggered', 'Amber', 'Pyro', 2,
                                          'Baron Bunny, new and improved! Hitting Baron Bunny\'s foot with a fully-charged Aimed Shot manually detonates it.' + char(10) +
                                          'Explosion via manual detonation deals 200% additional DMG.');
INSERT INTO constellation_level VALUES ('It Burns!', 'Amber', 'Pyro', 3,
                                          'Increases the Level of Fiery Rain by 3.' + char(10) +
                                          'Maximum upgrade level is 15.');
INSERT INTO constellation_level VALUES ('It\'s Not Just Any Doll...', 'Amber', 'Pyro', 4,
                                          'Decreases Explosive Puppet\'s CD by 20%. Adds 1 additional charge.');
INSERT INTO constellation_level VALUES ('It\'s Baron Bunny!', 'Amber', 'Pyro', 5,
                                          'Increases the Level of Explosive Puppet by 3.' + char(10) +
                                          'Maximum upgrade level is 15.');
INSERT INTO constellation_level VALUES ('Wildfire', 'Amber', 'Pyro', 6,
                                          'Fiery Rain increases all party members\' Movement SPD by 15% and ATK by 15% for 10s.');

INSERT INTO constellation_level VALUES ('Gleeful Songs', 'Barbara', 'Hydro', 1,
                                          'Barbara regenerates 1 Energy every 10s.');
INSERT INTO constellation_level VALUES ('Vitality Burst', 'Barbara', 'Hydro', 2,
                                          'Decreases the CD of Let the Show Begin♪ by 15%.' + char(10) +
                                          'During the ability\'s duration, your active character gains a 15% Hydro DMG Bonus.');
INSERT INTO constellation_level VALUES ('Star of Tomorrow', 'Barbara', 'Hydro', 3,
                                          'Increases the Level of Shining Miracle♪ by 3.' + char(10) +
                                          'Maximum upgrade level is 15.');
INSERT INTO constellation_level VALUES ('Attentiveness be My Power', 'Barbara', 'Hydro', 4,
                                          'Every opponent Barbara hits with her Charged Attack regenerates 1 Energy for her.' + char(10) +
                                          'A maximum of 5 energy can be regenerated in this manner with any one Charged Attack.');
INSERT INTO constellation_level VALUES ('The Purest Companionship', 'Barbara', 'Hydro', 5,
                                          'Increases the Level of Let the Show Begin♪ by 3.' + char(10) +
                                          'Maximum upgrade level is 15.');
INSERT INTO constellation_level VALUES ('Dedicating Everything to You', 'Barbara', 'Hydro', 6,
                                          'When Barbara is in the party but not on the field, and one of your own party members falls:' + char(10) +
                                          'Automatically revives the fallen character.' + char(10) +
                                          'Fully restores the revived character\'s HP to 100%.' + char(10) +
                                          'This effect can only occur once every 15 mins.');

INSERT INTO constellation_level VALUES ('Sea Beast\'s Scourge', 'Beidou', 'Electro', 1,
                                          'When Stormbreaker is used:' + char(10) +
                                          'Creates a shield that absorbs up to 16% of Beidou\'s Max HP for 15s.' + char(10) +
                                          'This shield absorbs Electro DMG 250% more effectively.');
INSERT INTO constellation_level VALUES ('Upon the Turbulent Sea, the Thunder Arises', 'Beidou', 'Electro', 2,
                                          'Stormbreaker\'s arc lightning can jump to 2 additional targets.');
INSERT INTO constellation_level VALUES ('Summoner of Storm', 'Beidou', 'Electro', 3,
                                          'Increases the Level of Tidecaller by 3.' + char(10) +
                                          'Maximum upgrade level is 15.');
INSERT INTO constellation_level VALUES ('Stunning Revenge', 'Beidou', 'Electro', 4,
                                          'Within 10s of taking DMG, Beidou\'s Normal Attacks gain 20% additional Electro DMG.');
INSERT INTO constellation_level VALUES ('Crimson Tidewalker', 'Beidou', 'Electro', 5,
                                          'Increases the Level of Stormbreaker by 3.' + char(10) +
                                          'Maximum upgrade level is 15.');
INSERT INTO constellation_level VALUES ('Bane of Evil', 'Beidou', 'Electro', 6,
                                          'During the duration of Stormbreaker, the Electro RES of surrounding opponents is ' +
                                          'decreased by 15%.');

INSERT INTO constellation_level VALUES ('Grand Expectation', 'Bennett', 'Pyro', 1,
                                          'Fantastic Voyage\'s ATK increase no longer has an HP restriction, and gains an ' +
                                          'additional 20% of Bennett\'s Base ATK.');
INSERT INTO constellation_level VALUES ('Impasse Conqueror', 'Bennett', 'Pyro', 2,
                                          'When Bennett\'s HP falls below 70%, his Energy Recharge is increased by 30%.');
INSERT INTO constellation_level VALUES ('Unstoppable Fervor', 'Bennett', 'Pyro', 3,
                                          'Increases the Level of Passion Overload by 3.' + char(10) +
                                          'Maximum upgrade level is 15.');
INSERT INTO constellation_level VALUES ('Unexpected Odyssey', 'Bennett', 'Pyro', 4,
                                          'Using a Normal Attack when executing the second attack of Passion Overload\'s ' +
                                          'Charge Level 1 allows an additional attack to be performed.' + char(10) +
                                          'This additional attack does 135% of the second attack\'s DMG.');
INSERT INTO constellation_level VALUES ('True Explorer', 'Bennett', 'Pyro', 5,
                                          'Increases the Level of Fantastic Voyage by 3.' + char(10) +
                                          'Maximum upgrade level is 15.');
INSERT INTO constellation_level VALUES ('Fire Ventures with Me', 'Bennett', 'Pyro', 6,
                                          'Sword, Claymore, or Polearm-wielding characters inside Fantastic Voyage\'s ' +
                                          'radius gain a 15% Pyro DMG Bonus and their weapons are infused with Pyro.');

INSERT INTO constellation_level VALUES ('Ice Unleashed', 'Chongyun', 'Cryo', 1,
                                          'The last attack of Chongyun\'s Normal Attack combo releases 3 ice blades. Each ' +
                                          'blade deals 50% of Chongyun\'s ATK as Cryo DMG to all opponents in its path.');
INSERT INTO constellation_level VALUES ('Atmospheric Revolution', 'Chongyun', 2,
                                          'Elemental Skills and Elemental Bursts cast within the Frost Field created by ' +
                                          'Spirit Blade: Chonghua\'s Layered Frost have their CD time decreased by 15%.');
INSERT INTO constellation_level VALUES ('Cloudburst', 'Chongyun', 'Cryo', 3,
                                          'Increases the Level of Spirit Blade: Cloud-Parting Star by 3.' + char(10) +
                                          'Maximum upgrade level is 15.');
INSERT INTO constellation_level VALUES ('Frozen Skies', 'Chongyun', 'Cryo', 4,
                                          'Chongyun regenerates 1 Energy every time he hits an opponent affected by Cryo.' + char(10) +
                                          'This effect can only occur once every 2s.');
INSERT INTO constellation_level VALUES ('The True Path', 'Chongyun', 'Cryo', 5,
                                          'Increases the Level of Spirit Blade: Chonghua\'s Layered Frost by 3.' + char(10) +
                                          'Maximum upgrade level is 15.');
INSERT INTO constellation_level VALUES ('Rally of Four Blades', 'Chongyun', 'Cryo', 6,
                                          'Spirit Blade: Cloud-Parting Star deals 15% more DMG to opponents with a lower ' +
                                          'percentage of their Max HP remaining than Chongyun.' + char(10) +
                                          'This skill will also summon 1 additional spirit blade.');

INSERT INTO constellation_level VALUES ('Conviction', 'Diluc', 'Pyro', 1,
                                          'Diluc deals 15% more DMG to opponents whose HP is above 50%.');
INSERT INTO constellation_level VALUES ('Searing Ember', 'Diluc', 'Pyro', 2,
                                          'When Diluc takes DMG, his ATK increases by 10% and his ATK SPD increases by 5%. Lasts for 10s.' + char(10) +
                                          'This effect can stack up to 3 times and can only occur once every 1.5s.');
INSERT INTO constellation_level VALUES ('Fire and Steel', 'Diluc', 'Pyro', 3,
                                          'Increases the Level of Searing Onslaught by 3.' + char(10) +
                                          'Maximum upgrade level is 15.');
INSERT INTO constellation_level VALUES ('Flowing Flame', 'Diluc', 'Pyro', 4,
                                          'Casting Searing Onslaught in rhythm greatly increases damage dealt.' + char(10) +
                                          '2s after casting Searing Onslaught, casting the next Searing Onslaught in the ' +
                                          'combo deals 40% additional DMG. This effect lasts for 2s.');
INSERT INTO constellation_level VALUES ('Phoenix, Harbinger of Dawn', 'Diluc', 'Pyro', 5,
                                          'Increases the Level of Dawn by 3.' + char(10) +
                                          'Maximum upgrade level is 15.');
INSERT INTO constellation_level VALUES ('Flaming Sword, Nemesis of the Dark', 'Diluc', 'Pyro', 6,
                                          'After casting Searing Onslaught, the next 2 Normal Attacks within the next 6s ' +
                                          'will have their DMG and ATK SPD increased by 30%.' + char(10) +
                                          'Additionally, Searing Onslaught will not interrupt the Normal Attack combo.');

INSERT INTO constellation_level VALUES ('A Lingering Flavor', 'Diona', 'Cryo', 1,
                                          'Regenerates 15 Energy for Diona after the effects of Signature Mix end.');
INSERT INTO constellation_level VALUES ('Shaken, Not Purred', 'Diona', 'Cryo', 2,
                                          'Increases Icy Paws\' DMG by 15%, and increases its shield\'s DMG Absorption by 15%.' + char(10) +
                                          'Additionally, when paws hit their targets, creates a shield for other nearby ' +
                                          'characters on the field with 50% of the Icy Paws shield\'s DMG Absorption for 5s.');
INSERT INTO constellation_level VALUES ('A-Another Round?', 'Diona', 'Cryo', 3,
                                          'Increases the Level of Signature Mix by 3.' + char(10) +
                                          'Maximum upgrade level is 15.');
INSERT INTO constellation_level VALUES ('Wine Industry Slayer', 'Diona', 'Cryo', 4,
                                          'Within the radius of Signature Mix, Diona\'s charge time for aimed shots is reduced by 60%');
INSERT INTO constellation_level VALUES ('Double Shot, On The Rocks', 'Diona', 'Cryo', 5,
                                          'Increases the Level of Icy Paws by 3.' + char(10) +
                                          'Maximum upgrade level is 15.');
INSERT INTO constellation_level VALUES ('Cat\'s Tail Closing Time', 'Diona', 'Cryo', 6,
                                          'Characters within Signature Mix\'s radius will gain the following effects based on their HP amounts:' + char(10) +
                                          'Increases Incoming Healing Bonus by 30% when HP falls below or is equal to 50%.' + char(10) +
                                          'Elemental Mastery increased by 200 when HP is above 50%.');

INSERT INTO constellation_level VALUES ('Tidal Illusion', 'Eula', 'Cryo', 1,
                                          'Every time Icetide Vortex\'s Grimheart stacks are consumed, Eula\'s Physical DMG is increased by 30% for 6s.' + char(10) +
                                          'Each stack consumed will increase the duration of this effect by 6s up to a maximum of 18s.');
INSERT INTO constellation_level VALUES ('Lady of Seafoam', 'Eula', 'Cryo', 2,
                                          'Decreases the CD of Icetide Vortex\'s Holding Mode, rendering it identical to Tapping CD.');
INSERT INTO constellation_level VALUES ('Lawrence Pedigree', 'Eula', 'Cryo', 3,
                                          'Increases the Level of Glacial Illumination by 3.' + char(10) +
                                          'Maximum upgrade level is 15.');
INSERT INTO constellation_level VALUES ('The Obstinacy of One\'s Inferiors', 'Eula', 'Cryo', 4,
                                          'Lightfall Swords deal 25% increased DMG against opponents with less than 50% HP.');
INSERT INTO constellation_level VALUES ('Chivalric Quality', 'Eula', 'Cryo', 5,
                                          'Increases the Level of Icetide Vortex by 3.' + char(10) +
                                          'Maximum upgrade level is 15.');
INSERT INTO constellation_level VALUES ('Noble Obligation', 'Eula', 'Cryo', 6,
                                          'Lightfall Swords created by Glacial Illumination start with 5 stacks of energy. ' +
                                          'Normal Attacks, Elemental Skills, and Elemental Bursts have a 50% chance to ' +
                                          'grant the Lightfall Sword an additional stack of energy.');

INSERT INTO constellation_level VALUES ('Gaze of the Deep', 'Fischl', 'Electro', 1,
                                          'Even when Oz is not present in combat, he can still watch over Fischl through ' +
                                          'his raven eyes. When Fischl performs a Normal Attack against an opponent, Oz ' +
                                          'fires a joint attack, dealing DMG equal to 22% of Fischl\'s ATK.');
INSERT INTO constellation_level VALUES ('Devourer of All Sins', 'Fischl', 'Electro', 2,
                                          'When Nightrider is used, it deals an additional 200% ATK as DMG, and its AoE is ' +
                                          'increased by 50%.');
INSERT INTO constellation_level VALUES ('Wings of Nightmare', 'Fischl', 'Electro', 3,
                                          'Increases the Level of Nightrider by 3.' + char(10) +
                                          'Maximum upgrade level is 15.');
INSERT INTO constellation_level VALUES ('Her Pilgrimage of Bleak', 'Fischl', 'Electro', 4,
                                          'When Midnight Phantasmagoria is used, it deals 222% of ATK as Electro DMG to surrounding opponents.' + char(10) +
                                          'When the skill duration ends, Fischl regenerates 20% of her HP.');
INSERT INTO constellation_level VALUES ('Against the Fleeing Light', 'Fischl', 'Electro', 5,
                                          'Increases the Level of Midnight Phantasmagoria by 3.' + char(10) +
                                          'Maximum upgrade level is 15.');
INSERT INTO constellation_level VALUES ('Evernight Raven', 'Fischl', 'Electro', 6,
                                          'Extends the duration of Oz\'s presence on the field by 2s. Additionally, Oz ' +
                                          'performs joint attacks with your active character when present, dealing 30% of ' +
                                          'Fischl\'s ATK as Electro DMG.');

INSERT INTO constellation_level VALUES ('Dew-Drinker', 'Ganyu', 'Cryo', 1,
                                          'Taking DMG from a Charge Level 2 Frostflake Arrow or Frostflake Arrow Bloom decreases opponents\' Cryo RES by 15% for 6s.' + char(10) ""
                                          'A hit regenerates 2 Energy for Ganyu. This effect can only occur once per Charge ' +
                                          'Level 2 Frostflake Arrow, regardless if Frostflake Arrow itself or its Bloom hit the target.');
INSERT INTO constellation_level VALUES ('The Auspicious', 'Ganyu', 'Cryo', 2,
                                          'Trail of the Qilin gains 1 additional charge.');
INSERT INTO constellation_level VALUES ('Cloud-Strider', 'Ganyu', 'Cryo', 3,
                                          'Increases the Level of Celestial Shower by 3.' + char(10) +
                                          'Maximum upgrade level is 15.', 'Cryo');
INSERT INTO constellation_level VALUES ('Westward Sojourn', 'Ganyu', 'Cryo', 4,
                                          'Opponents standing within the AoE of Celestial Shower take increased DMG. This effect strengthens over time.' + char(10) +
                                          'Increased DMG taken begins at 5% and increases by 5% every 3s, up to a maximum of 25%.' + char(10) +
                                          'The effect lingers for 3s after the opponent leaves the AoE.');
INSERT INTO constellation_level VALUES ('The Merciful', 'Ganyu', 'Cryo', 5,
                                          'Increases the Level of Trail of the Qilin by 3.' + char(10) +
                                          'Maximum upgrade level is 15.');
INSERT INTO constellation_level VALUES ('The Clement', 'Ganyu', 'Cryo', 6,
                                          'Using Trail of the Qilin causes the next Frostflake Arrow shot within 30s to not ' +
                                          'require charging.',);

INSERT INTO constellation_level VALUES ('Crimson Bouquet', 'Hu Tao', 'Pyro', 1,
                                          'While in a Paramita Papilio state activated by Guide to Afterlife, Hu Tao\'s ' +
                                          'Charge Attacks do not consume Stamina.');
INSERT INTO constellation_level VALUES ('Ominous Rainfall', 'Hu Tao', 'Pyro', 2,
                                          'Increases the Blood Blossom DMG by an amount equal to 10% of Hu Tao\'s Max HP at the time the effect is applied.' + char(10) +
                                          'Additionally, Spirit Soother will also apply the Blood Blossom effect.');
INSERT INTO constellation_level VALUES ('Lingering Carmine', 'Hu Tao', 'Pyro', 3,
                                          'Increases the Level of Guide to Afterlife by 3.' + char(10) +
                                          'Maximum upgrade level is 15.');
INSERT INTO constellation_level VALUES ('Garden of Eternal Rest', 'Hu Tao', 'Pyro', 4,
                                          'Upon defeating an enemy affected by a Blood Blossom that Hu Tao applied herself, ' +
                                          'all nearby allies in the party (excluding Hu Tao herself) will have their CRIT ' +
                                          'Rate increased by 12% for 15s.');
INSERT INTO constellation_level VALUES ('Floral Incense', 'Hu Tao', 'Pyro', 5,
                                          'Increases the Level of Spirit Soother by 3.' + char(10) +
                                          'Maximum upgrade level is 15.');
INSERT INTO constellation_level VALUES ('Butterfly\'s Embrace', 'Hu Tao', 'Pyro', 6,
                                          'Triggers when Hu Tao\'s HP drops below 25%, or when she suffers a lethal strike:' + char(10) +
                                          'Hu Tao will not fall as a result of the DMG sustained. Additionally, for the ' +
                                          'next 10s, all of her Elemental and Physical RES is increased by 200%, her CRIT ' +
                                          'Rate is increased by 100%, and her resistance to interruption is greatly increased.' + char(10) +
                                          'This effect triggers automatically when Hu Tao has 1 HP left.' + char(10) +
                                          'Can only occur once every 60s.');

INSERT INTO constellation_level VALUES ('Spiraling Tempest', 'Jean', 'Anemo', 1,
                                          'Increases the pulling speed of Gale Blade after holding for more than 1s, and ' +
                                          'increases the DMG dealt by 40%.');
INSERT INTO constellation_level VALUES ('People\'s Aegis', 'Jean', 'Anemo', 2,
                                          'When Jean picks up an Elemental Orb/Particle, all party members have their ' +
                                          'Movement SPD and ATK SPD increased by 15% for 15s.');
INSERT INTO constellation_level VALUES ('When the West Wind Arises', 'Jean', 'Anemo', 3,
                                          'Increases the Level of Dandelion Breeze by 3.' + char(10) +
                                          'Maximum upgrade level is 15.');
INSERT INTO constellation_level VALUES ('Lands of Dandelion', 'Jean', 'Anemo', 4,
                                          'Within the Field created by Dandelion Breeze, all opponents have their Anemo RES decreased by 40%.');
INSERT INTO constellation_level VALUES ('Outbursting Gust', 'Jean', 'Anemo', 5,
                                          'Increases the Level of Gale Blade by 3.' + char(10) +
                                          'Maximum upgrade level is 15.');
INSERT INTO constellation_level VALUES ('Lion\'s Fang, Fair Protector of Mondstadt', 'Jean', 'Anemo', 6,
                                          'Incoming DMG is decreased by 35% within the Field created by Dandelion Breeze. ' +
                                          'Upon leaving the Dandelion Field, this effect lasts for 3 attacks or 10s.');

INSERT INTO constellation_level VALUES ('Scarlet Hills', 'Kaedehara Kazuha', 'Anemo', 1,
                                          'Decreases Chihayaburu\'s CD by 10%.' + char(10) +
                                          'Using Kazuha Slash resets the CD of Chihayaburu.');
INSERT INTO constellation_level VALUES ('Yamaarashi Tailwind', 'Kaedehara Kazuha', 'Anemo', 2,
                                          'The Autumn Whirlwind field created by Kazuha Slash has the following effects:' + char(10) +
                                          'Increases Kaedehara Kazuha\'s own Elemental Mastery by 200.' + char(10) +
                                          'Increases the Elemental Mastery of characters within the field by 200.' + char(10) +
                                          'The Elemental Mastery-increasing effects of this Constellation do not stack.');
INSERT INTO constellation_level VALUES ('Maple Monogatari', 'Kaedehara Kazuha', 'Anemo', 3,
                                          'Increases the Level of Chihayaburu by 3.' + char(10) +
                                          'Maximum upgrade level is 15.');
INSERT INTO constellation_level VALUES ('Oozora Genpou', 'Kaedehara Kazuha', 'Anemo', 4,
                                          'When Kaedehara Kazuha\'s Energy is lower than 45, he obtains the following effects:' + char(10) +
                                          'Pressing or Holding Chihayaburu regenerates 3 or 4 Energy for Kaedehara Kazuha, respectively.' + char(10) +
                                          'When gliding, Kaedehara Kazuha regenerates 2 Energy per second.');
INSERT INTO constellation_level VALUES ('Wisdom of Bansei', 'Kaedehara Kazuha', 'Anemo', 5,
                                          'Increases the Level of Kazuha Slash by 3.' + char(10) +
                                          'Maximum upgrade level is 15.');
INSERT INTO constellation_level VALUES ('Crimson Momiji', 'Kaedehara Kazuha', 'Anemo', 6,
                                          'After using Chihayaburu or Kazuha Slash, Kaedehara Kazuha gains an Anemo ' +
                                          'Infusion for 5s. Additionally, each point of Elemental Mastery will increase the ' +
                                          'DMG dealt by Kaedehara Kazuha\'s Normal, Charged, and Plunging Attack by 0.2%.');

INSERT INTO constellation_level VALUES ('Excellent Blood', 'Kaeya', 'Cryo', 1,
                                          'The CRIT Rate of Kaeya\'s Normal and Charge Attacks against opponents affected ' +
                                          'by Cryo is increased by 15%.');
INSERT INTO constellation_level VALUES ('Never-Ending Performance', 'Kaeya', 'Cryo', 2,
                                          'Every time Glacial Waltz defeats an opponent during its duration, its duration is increased by 2.5s, up to a maximum of 15s.');
INSERT INTO constellation_level VALUES ('Dance of Frost', 'Kaeya', 'Cryo', 3,
                                          'Increases the Level of Frostgnaw by 3.' + char(10) +
                                          'Maximum upgrade level is 15.');
INSERT INTO constellation_level VALUES ('Frozen Kiss', 'Kaeya', 'Cryo', 4,
                                          'Triggers automatically when Kaeya\'s HP falls below 20%:' + char(10) +
                                          'Creates a shield that absorbs damage equal to 30% of Kaeya\'s Max HP. Lasts for 20s.' + char(10) +
                                          'This shield absorbs Cryo DMG with 250% efficiency.' + char(10) +
                                          'Can only occur once every 60s.');
INSERT INTO constellation_level VALUES ('Frostbiting Embrace', 'Kaeya', 'Cryo', 5,
                                          'Increases the Level of Glacial Waltz by 3.' + char(10) +
                                          'Maximum upgrade level is 15.');
INSERT INTO constellation_level VALUES ('Glacial Whirlwind', 'Kaeya', 'Cryo', 6,
                                          'Glacial Waltz will generate 1 additional icicle, and will regenerate 15 Energy when cast.');

INSERT INTO constellation_level VALUES ('Snowswept Sakura', 'Kamisato Ayaka', 'Cryo', 1,
                                          'When Kamisato Ayaka\'s Normal or Charged Attacks deal Cryo DMG to opponents, it ' +
                                          'has a 50% chance of decreasing the CD of Kamisato Art: Hyouka by 0.3s. This ' +
                                          'effect can occur once every 0.1s.');
INSERT INTO constellation_level VALUES ('Blizzard Blade Seki no To', 'Kamisato Ayaka', 'Cryo', 2,
                                          'When casting Kamisato Art: Soumetsu, unleashes 2 smaller additional Frostflake ' +
                                          'Seki no To, each dealing 20% of the original storm\'s DMG.');
INSERT INTO constellation_level VALUES ('Frostbloom Kamifubuki', 'Kamisato Ayaka', 'Cryo', 3,
                                          'Increases the Level of Kamisato Art: Soumetsu by 3.' + char(10) +
                                          'Maximum upgrade level is 15.');
INSERT INTO constellation_level VALUES ('Ebb and Flow', 'Kamisato Ayaka', 'Cryo', 4,
                                          'Opponents damaged by Kamisato Art: Soumetsu\'s Frostflake Seki no To will have ' +
                                          'their DEF decreased by 30% for 6s.');
INSERT INTO constellation_level VALUES ('Blossom Cloud Irutsuki', 'Kamisato Ayaka', 'Cryo', 5,
                                          'Increases the Level of Kamisato Art: Hyouka by 3.' + char(10) +
                                          'Maximum upgrade level is 15.');
INSERT INTO constellation_level VALUES ('Dance of Suigetsu', 'Kamisato Ayaka', 'Cryo', 6,
                                          'Kamisato Ayaka gains Usurahi Butou every 10s, increasing her Charged Attack DMG ' +
                                          'by 298%. This buff will be cleared 0.5s after Ayaka\'s Charged ATK hits an ' +
                                          'opponent, after which the timer for this ability will restart.');

INSERT INTO constellation_level VALUES ('Thundering Might', 'Keqing', 'Electro', 1,
                                          'Recasting Stellar Restoration while a Lightning Stiletto is present causes ' +
                                          'Keqing to deal 50% of her ATK as AoE Electro DMG at the start point and terminus ' +
                                          'of her Blink.');
INSERT INTO constellation_level VALUES ('Keen Extraction', 'Keqing', 'Electro', 2,
                                          'When Keqing\'s Normal and Charged Attacks hit opponents affected by Electro, ' +
                                          'they have a 50% chance of producing an Elemental Particle.' + char(10) +
                                          'This effect can only occur once every 5s.');
INSERT INTO constellation_level VALUES ('Foreseen Reformation', 'Keqing', 'Electro', 3,
                                          'Increases the Level of Starward Sword by 3.' + char(10) +
                                          'Maximum upgrade level is 15.');
INSERT INTO constellation_level VALUES ('Attunement', 'Keqing', 'Electro', 4,
                                          'For 10s after Keqing triggers an Electro-related Elemental Reaction, her ATK is increased by 25%.');
INSERT INTO constellation_level VALUES ('Beckoning Stars', 'Keqing', 'Electro', 5,
                                          'Increases the Level of Stellar Restoration by 3.' + char(10) +
                                          'Maximum upgrade level is 15.');
INSERT INTO constellation_level VALUES ('Tenacious Star', 'Keqing', 'Electro', 6,
                                          'When initiating a Normal Attack, a Charged Attack, Elemental Skill or Elemental ' +
                                          'Burst, Keqing gains a 6% Electro DMG Bonus for 8s.' + char(10) +
                                          'Effects triggered by Normal Attacks, Charged Attacks, Elemental Skills and ' +
                                          'Elemental Bursts are considered independent entities.';

INSERT INTO constellation_level VALUES ('Chained Reactions', 'Klee', 'Pyro', 1,
                                          'Attacks and Skills have a certain chance to summon sparks that bombard ' +
                                          'opponents, dealing DMG equal to 120% of Sparks \'n\' Splash\'s DMG.');
INSERT INTO constellation_level VALUES ('Explosive Frags', 'Klee', 'Pyro', 2,
                                          'Being hit by Jumpy Dumpty\'s mines decreases opponents\' DEF by 23% for 10s.');
INSERT INTO constellation_level VALUES ('Exquisite Compound', 'Klee', 'Pyro', 3,
                                          'Increases the Level of Jumpy Dumpty by 3.' + char(10) +
                                          'Maximum upgrade level is 15.');
INSERT INTO constellation_level VALUES ('Sparkly Explosion', 'Klee', 'Pyro', 4,
                                          'If Klee leaves the field during the duration of Sparks \'n\' Splash, her ' +
                                          'departure triggers an explosion that deals 555% of her ATK as AoE Pyro DMG.');
INSERT INTO constellation_level VALUES ('Nova Burst', 'Klee', 'Pyro', 5,
                                          'Increases the Level of Sparks \'n\' Splash by 3.' + char(10) +
                                          'Maximum upgrade level is 15.');
INSERT INTO constellation_level VALUES ('Blazing Delight', 'Klee', 'Pyro', 6,
                                          'While under the effects of Sparks \'n\' Splash, Klee will regenerate 3 Energy for
                                          'all members of the party (excluding Klee) every 3s.' + char(10) +
                                          'When Sparks \'n\' Splash is used, all party members will gain a 10% Pyro DMG Bonus for 25s.');

INSERT INTO constellation_level VALUES ('Crow\'s Eye', 'Kujou Sara', 'Electro', 1,
                                          'When Tengu Juurai grant characters ATK Bonuses or hits opponents, the CD of Tengu Stormcall is decreased by 1s.' + char(10) +
                                          'This effect can be triggered once every 3s.');
INSERT INTO constellation_level VALUES ('Dark Wings', 'Kujou Sara', 'Electro', 2,
                                          'Unleashing Tengu Stormcall will leave a weaker Crowfeather at Kujou Sara\'s ' +
                                          'original position that will deal 30% of its original DMG.');
INSERT INTO constellation_level VALUES ('The War Within', 'Kujou Sara', 'Electro', 3,
                                          'Increases the Level of Subjugation: Koukou Sendou by 3.' + char(10) +
                                          'Maximum upgrade level is 15.');
INSERT INTO constellation_level VALUES ('Conclusive Proof', 'Kujou Sara', 'Electro', 4,
                                          'The number of Tengu Juurai: Stormcluster released by Subjugation: Koukou Sendou ' +
                                          'is increased to 6.');
INSERT INTO constellation_level VALUES ('Spellsinger', 'Kujou Sara', 'Electro', 5,
                                          'Increases the Level of Tengu Stormcall by 3.' + char(10) +
                                          'Maximum upgrade level is 15.');
INSERT INTO constellation_level VALUES ('Sin of Pride', 'Kujou Sara', 'Electro', 6,
                                          'The Electro DMG of characters who have had their ATK increased by Tengu Juurai ' +
                                          'has its Crit DMG increased by 60%.');

INSERT INTO constellation_level VALUES ('Infinite Circuit', 'Lisa', 'Electro', 1,
                                          'Lisa regenerates 2 Energy for every opponent hit while holding Violet Arc.' + char(10) +
                                          'A maximum of 10 Energy can be regenerated in this manner at any one time.');
INSERT INTO constellation_level VALUES ('Electromagnetic Field', 'Lisa', 'Electro', 2,
                                          'Holding Violet Arc has the following effects:' + char(10) +
                                          'Increases DEF by 25%.' + char(10) +
                                          'Increases Lisa\'s resistance to interruption.');
INSERT INTO constellation_level VALUES ('Resonant Thunder', 'Lisa', 'Electro', 3,
                                          'Increases the Level of Lightning Rose by 3.' + char(10) +
                                          'Maximum upgrade level is 15.');
INSERT INTO constellation_level VALUES ('Plasma Eruption', 'Lisa', 'Electro', 4,
                                          'Increases the number of lightning bolts released by Lightning Rose by 1-3.');
INSERT INTO constellation_level VALUES ('Electrocute', 'Lisa', 'Electro', 5,
                                          'Increases the Level of Violet Arc by 3.' + char(10) +
                                          'Maximum upgrade level is 15.');
INSERT INTO constellation_level VALUES ('Pulsating Witch', 'Lisa', 'Electro', 6,
                                          'When Lisa takes the field, she applies 3 stacks of Violet Arc\'s Conductive status onto nearby opponents.' + char(10) +
                                          'This effect can only occur once every 5s.');

INSERT INTO constellation_level VALUES ('Prophecy of Submersion', 'Mona', 'Hydro', 1,
                                          'When any of your own party members hits an opponent affected by an Omen, the ' +
                                          'effects of Hydro-related Elemental Reactions are enhanced for 8s:' + char(10) +
                                          'Electro-Charged DMG increases by 15%.' + char(10) +
                                          'Vaporize DMG increases by 15%.' + char(10) +
                                          'Hydro Swirl DMG increases by 15%.' + char(10) +
                                          'Frozen duration is extended by 15%.');
INSERT INTO constellation_level VALUES ('Lunar Chain', 'Mona', 'Hydro', 2,
                                          'When a Normal Attack hits, there is a 20% chance that it will be automatically ' +
                                          'followed by a Charged Attack.' + char(10) +
                                          'This effect can only occur once every 5s.');
INSERT INTO constellation_level VALUES ('Restless Revolution', 'Mona', 'Hydro', 3,
                                          'Increases the Level of Stellaris Phantasm by 3.' + char(10) +
                                          'Maximum upgrade level is 15.');
INSERT INTO constellation_level VALUES ('Prophecy of Oblivion', 'Mona', 'Hydro', 4,
                                          'When any party member attacks an opponent affected by an Omen, their CRIT Rate is increased by 15%.');
INSERT INTO constellation_level VALUES ('Mockery of Fortuna', 'Mona', 'Hydro', 5,
                                          'Increases the Level of Mirror Reflection of Doom by 3.' + char(10) +
                                          'Maximum upgrade level is 15.');
INSERT INTO constellation_level VALUES ('Rhetorics of Calamitas', 'Mona', 'Hydro', 6,
                                          'Upon entering Illusory Torrent, Mona gains a 60% increase to the DMG of her next ' +
                                          'Charged Attack per second of movement.' + char(10) +
                                          'A maximum DMG Bonus of 180% can be achieved in this manner. The effect lasts for ' +
                                          'no more than 8s.');

INSERT INTO constellation_level VALUES ('Piercing Fragments', 'Ningguang', 'Geo', 1,
                                          'When a Normal Attack hits, it deals AoE DMG.');
INSERT INTO constellation_level VALUES ('Shock Effect', 'Ningguang', 'Geo', 2,
                                          'When Jade Screen is shattered, its CD will reset.' + char(10) +
                                          'Can occur once every 6s.');
INSERT INTO constellation_level VALUES ('Majesty be the Array of Stars', 'Ningguang', 'Geo', 3,
                                          'Increases the Level of Starshatter by 3.' + char(10) +
                                          'Maximum upgrade level is 15.');
INSERT INTO constellation_level VALUES ('Exquisite be the Jade, Outshining All Beneath', 'Ningguang', 4,
                                          'Jade Screen increases nearby characters' Elemental RES by 10%.');
INSERT INTO constellation_level VALUES ('Invincible be the Jade Screen', 'Ningguang', 'Geo', 5,
                                          'Increases the Level of Jade Screen by 3.' + char(10) +
                                          'Maximum upgrade level is 15.');
INSERT INTO constellation_level VALUES ('Grandeur be the Seven Stars', 'Ningguang', 'Geo', 6,
                                          'When Starshatter is used, Ningguang gains 7 Star Jades.');

INSERT INTO constellation_level VALUES ('I Got Your Back', 'Noelle', 'Geo', 1,
                                          'While Sweeping Time and Breastplate are both in effect, the chance of ' +
                                          'Breastplate\'s healing effects activating is increased to 100%.');
INSERT INTO constellation_level VALUES ('Combat Maid', 'Noelle', 'Geo', 2,
                                          'Decreases the Stamina Consumption of Noelle\'s Charged Attacks by 20% and ' +
                                          'increases her Charged Attack DMG by 15%.');
INSERT INTO constellation_level VALUES ('Invulnerable Maid', 'Noelle', 'Geo', 3,
                                          'Increases the Level of Breastplate by 3.' + char(10) +
                                          'Maximum upgrade level is 15.');
INSERT INTO constellation_level VALUES ('To Be Cleaned', 'Noelle', 'Geo', 4,
                                          'When Breastplate\'s duration expires or it is destroyed by DMG, it will deal ' +
                                          '400% ATK of Geo DMG to surrounding opponents.');
INSERT INTO constellation_level VALUES ('Favonius Sweeper Master', 'Noelle', 'Geo', 5,
                                          'Increases the Level of Sweeping Time by 3.' + char(10) +
                                          'Maximum upgrade level is 15.');
INSERT INTO constellation_level VALUES ('Must Be Spotless', 'Noelle', 'Geo', 6,
                                          'Sweeping Time increases Noelle\'s ATK by an additional 50% of her DEF.' + char(10) +
                                          'Additionally, every opponent defeated during the skill\'s duration adds 1s to ' +
                                          'the duration, up to 10s.');

INSERT INTO constellation_level VALUES ('Ascetics of Frost', 'Qiqi', 'Cryo', 1,
                                          'When the Herald of Frost hits an opponent marked by a Fortune-Preserving ' +
                                          'Talisman, Qiqi regenerates 2 Energy.');
INSERT INTO constellation_level VALUES ('Frozen to the Bone', 'Qiqi', 'Cryo', 2,
                                          'Qiqi\'s Normal and Charge Attack DMG against opponents affected by Cryo is ' +
                                          'increased by 15%.');
INSERT INTO constellation_level VALUES ('Ascendant Praise', 'Qiqi', 'Cryo', 3,
                                          'Increases the Level of Adeptus Art: Preserver of Fortune by 3.' + char(10) +
                                          'Maximum upgrade level is 15.');
INSERT INTO constellation_level VALUES ('Divine Suppression', 'Qiqi', 'Cryo', 4,
                                          'Targets marked by the Fortune-Preserving Talisman have their ATK decreased by 20%.');
INSERT INTO constellation_level VALUES ('Crimson Lotus Bloom', 'Qiqi', 'Cryo', 5,
                                          'Increases the Level of Adeptus Art: Herald of Frost by 3.' + char(10) +
                                          'Maximum upgrade level is 15.');
INSERT INTO constellation_level VALUES ('Rite of Resurrection', 'Qiqi', 'Cryo', 6,
                                          'Using Adeptus Art: Preserver of Fortune revives all fallen party members nearby and regenerates 50% of their HP.' + char(10) +
                                          'This effect can only occur once every 15 mins.');

INSERT INTO constellation_level VALUES ('Ominous Inscription', 'Raiden Shogun', 'Electro', 1,
                                          'Chakra Desiderata will gather Resolve even faster. When Electro characters use ' +
                                          'their Elemental Bursts, the Resolve gained is increased by 80%. When characters ' +
                                          'of other Elemental Types use their Elemental Bursts, the Resolve gained is increased by 20%.');
INSERT INTO constellation_level VALUES ('Steelbreaker', 'Raiden Shogun', 'Electro', 2,
                                          'Secret Art: Musou Shinsetsu\'s Musou no Hitotachi and Musou Isshin attacks will ' +
                                          'ignore 60% of opponents\' DEF.');
INSERT INTO constellation_level VALUES ('Shinkage Bygones', 'Raiden Shogun', 'Electro', 3,
                                          'Increases the Level of Secret Art: Musou Shinsetsu by 3.' + char(10) +
                                          'Maximum upgrade level is 15.');
INSERT INTO constellation_level VALUES ('Pledge of Propriety', 'Raiden Shogun', 'Electro', 4,
                                          'When the Musou Isshin state applied by Secret Art: Musou Shinsetsu expires, all ' +
                                          'nearby party members (excluding the Raiden Shogun) gain 30% bonus ATK for 10s.');
INSERT INTO constellation_level VALUES ('Shogun\'s Descent', 'Raiden Shogun', 'Electro', 5,
                                          'Increases the Level of Transcendence: Baleful Omen by 3.' + char(10) +
                                          'Maximum upgrade level is 15.');
INSERT INTO constellation_level VALUES ('Wishbearer', 'Raiden Shogun', 'Electro', 6,
                                          'While in the Musou Isshin state applied by Secret Art: Musou Shinsetsu, attacks ' +
                                          'by the Raiden Shogun that are considered part of her Elemental Burst will ' +
                                          'decrease all nearby party members\' (but not including the Raiden Shogun
                                          'herself) Elemental Burst CD by 1s when they hit opponents.' + char(10) +
                                          'This effect can trigger once every 1s, and can trigger a total of 5 times during the state\'s duration.');

INSERT INTO constellation_level VALUES ('Wolf\'s Instinct', 'Razor', 'Electro', 1,
                                          'Picking up an Elemental Orb or Particle increases Razor\'s DMG by 10% for 8s.');
INSERT INTO constellation_level VALUES ('Suppression', 'Razor', 'Electro', 2,
                                          'Increases CRIT Rate against opponents with less than 30% HP by 10%.');
INSERT INTO constellation_level VALUES ('Soul Companion', 'Razor', 'Electro', 3,
                                          'Increases the Level of Lightning Fang by 3.' + char(10) +
                                          'Maximum upgrade level is 15.');
INSERT INTO constellation_level VALUES ('Bite', 'Razor', 'Electro', 4,
                                          'When casting Claw and Thunder (Press), opponents hit will have their DEF ' +
                                          'decreased by 15% for 7s.');
INSERT INTO constellation_level VALUES ('Sharpened Claws', 'Razor', 'Electro', 5,
                                          'Increases the Level of Claw and Thunder by 3.' + char(10) +
                                          'Maximum upgrade level is 15.');
INSERT INTO constellation_level VALUES ('Lupus Fulguris', 'Razor', 'Electro', 6,
                                          'Every 10s, Razor\'s sword charges up, causing the next Normal Attack to release ' +
                                          'lightning that deals 100% of Razor\'s ATK as Electro DMG.' + char(10) +
                                          'When Razor is not using Lightning Fang, a lightning strike on an opponent will ' +
                                          'grant Razor an Electro Sigil for Claw and Thunder.');

INSERT INTO constellation_level VALUES ('Unholy Revelation', 'Rosaria', 'Cryo', 1,
                                          'When Rosaria deals a CRIT Hit, her ATK SPD increases by 10% and her Normal ' +
                                          'Attack DMG increases by 10% for 4s.');
INSERT INTO constellation_level VALUES ('Land Without Promise', 'Rosaria', 'Cryo', 2,
                                          'The duration of the Ice Lance created by Rites of Termination is increased by 4s.');
INSERT INTO constellation_level VALUES ('The Wages of Sin', 'Rosaria', 'Cryo', 3,
                                          'Increases the Level of Ravaging Confession by 3.' + char(10) +
                                          'Maximum upgrade level is 15.');
INSERT INTO constellation_level VALUES ('Painful Grace', 'Rosaria', 'Cryo', 4,
                                          'Ravaging Confession\'s CRIT Hits regenerate 5 Energy for Rosaria.' + char(10) +
                                          'Can only be triggered once each time Ravaging Confession is cast.');
INSERT INTO constellation_level VALUES ('Last Rites', 'Rosaria', 'Cryo', 5,
                                          'Increases the Level of Rites of Termination by 3.' + char(10) +
                                          'Maximum upgrade level is 15.');
INSERT INTO constellation_level VALUES ('Divine Retribution', 'Rosaria', 'Cryo', 6,
                                          'Rites of Termination\'s attack decreases opponents\' Physical RES by 20% for 10s.');

INSERT INTO constellation_level VALUES ('Multi-Task no Jutsu', 'Sayu', 'Anemo', 1,
                                          'The Muji-Muji Daruma created by Yoohoo Art: Mujina Flurry will ignore HP limits ' +
                                          'and can simultaneously attack nearby opponents and heal characters.');
INSERT INTO constellation_level VALUES ('Egress Prep', 'Sayu', 'Anemo', 2,
                                          'Yoohoo Art: Fuuin Dash gains the following effects:' + char(10) +
                                          'DMG of Fuufuu Whirlwind Kick in Press Mode increased by 3.3%.' + char(10) +
                                          'Every 0.5s in the Fuufuu Windwheel state will increase the DMG of this Fuufuu ' +
                                          'Whirlwind Kick by 3.3%. The maximum DMG increase possible through this method is 66%.');
INSERT INTO constellation_level VALUES ('Eh, the Bunshin Can Handle It', 'Sayu', 'Anemo', 3,
                                          'Increases the Level of Yoohoo Art: Mujina Flurry by 3.' + char(10) +
                                          'Maximum upgrade level is 15.');
INSERT INTO constellation_level VALUES ('Skiving: New and Improved', 'Sayu', 'Anemo', 4,
                                          'Sayu recovers 1.2 Energy when she triggers a Swirl reaction.' + char(10) +
                                          'This effect occurs once every 2s.');
INSERT INTO constellation_level VALUES ('Speed Comes First', 'Sayu', 'Anemo', 5,
                                          'Increases the Level of Yoohoo Art: Fuuin Dash by 3.' + char(10) +
                                          'Maximum upgrade level is 15.');
INSERT INTO constellation_level VALUES ('Sleep O\'Clock', 'Sayu', 'Anemo', 6,
                                          'The Muji-Muji Daruma created by Sayu\'s Yoohoo Art: Mujina Flurry will now also ' +
                                          'benefit from her Elemental Mastery. Each point of Sayu\'s Elemental Mastery will ' +
                                          'produce the following effects:' + char(10) +
                                          'Increases the damage dealt by the Muji-Muji Daruma\'s attacks by 0.2% ATK. A ' +
                                          'maximum of 400% ATK can be gained via this method.' + char(10) +
                                          'Increases the HP restored by the Muji-Muji Daruma by 3. A maximum of 6,000 ' +
                                          'additional HP can be restored in this manner.');

INSERT INTO constellation_level VALUES ('Clustered Vacuum Field', 'Sucrose', 'Anemo', 1,
                                          'Astable Anemohypostasis Creation - 6308 gains 1 additional charge.');
INSERT INTO constellation_level VALUES ('Beth: Unbound Form', 'Sucrose', 'Anemo', 2,
                                          'The duration of Forbidden Creation - Isomer 75 / Type II is increased by 2s.');
INSERT INTO constellation_level VALUES ('Flawless Alchemistress', 'Sucrose', 'Anemo', 3,
                                          'Increases the Level of Astable Anemohypostasis Creation - 6308 by 3.' + char(10) +
                                          'Maximum upgrade level is 15.');
INSERT INTO constellation_level VALUES ('Alchemania', 'Sucrose', 'Anemo', 4,
                                          'Every 7 Normal and Charged Attacks, Sucrose will reduce the CD of Astable ' +
                                          'Anemohypostasis Creation - 6308 by 1-7s.');
INSERT INTO constellation_level VALUES ('Caution: Standard Flask', 'Sucrose', 'Anemo', 5,
                                          'Increases the Level of Forbidden Creation - Isomer 75 / Type II by 3.' + char(10) +
                                          'Maximum upgrade level is 15.');
INSERT INTO constellation_level VALUES ('Chaotic Entropy', 'Sucrose', 'Anemo', 6,
                                          'If Forbidden Creation - Isomer 75 / Type II triggers an Elemental Absorption, ' +
                                          'all party members gain a 20% Elemental DMG Bonus for the corresponding absorbed ' +
                                          'element during its duration.');

INSERT INTO constellation_level VALUES ('Foul Legacy: Tide Withholder', 'Tartaglia', 'Hydro', 1,
                                          'Decreases the CD of Foul Legacy: Raging Tide by 20%');
INSERT INTO constellation_level VALUES ('Foul Legacy: Understream', 'Tartaglia', 'Hydro', 2,
                                          'When opponents affected by Riptide are defeated, Tartaglia regenerates 4 Elemental Energy.');
INSERT INTO constellation_level VALUES ('Abyssal Mayhem: Vortex of Turmoil', 'Tartaglia', 'Hydro', 3,
                                          'Increases the Level of Foul Legacy: Raging Tide by 3.' + char(10) +
                                          'Maximum upgrade level is 15.');
INSERT INTO constellation_level VALUES ('Abyssal Mayhem: Hydrospout', 'Tartaglia', 'Hydro', 4,
                                          'If Tartaglia is in Foul Legacy: Raging Tide\'s Melee Stance, triggers Riptide ' +
                                          'Slash against opponents on the field affected by Riptide every 4s, otherwise, triggers Riptide Flash.' + char(10) +
                                          'Riptide Slashes and Riptide Flashes triggered by this Constellation effect are ' +
                                          'not subject to the time intervals that would typically apply to these two ' +
                                          'Riptide effects, nor do they have any effect on those time intervals.');
INSERT INTO constellation_level VALUES ('Havoc: Formless Blade', 'Tartaglia', 'Hydro', 5,
                                          'Increases the Level of Havoc: Obliteration by 3.' + char(10) +
                                          'Maximum upgrade level is 15.');
INSERT INTO constellation_level VALUES ('Havoc: Annihilation', 'Tartaglia', 'Hydro', 6,
                                          'When Havoc: Obliteration is cast in Melee Stance, the CD of Foul Legacy: Raging Tide is reset.' + char(10) +
                                          'This effect will only take place once Tartaglia returns to his Ranged Stance.');

INSERT INTO constellation_level VALUES ('Splitting Gales', 'Venti', 'Anemo', 1,
                                          'Fires 2 additional arrows per Aimed Shot, each dealing 33% of the original arrow\'s DMG.');
INSERT INTO constellation_level VALUES ('Breeze of Reminiscence', 'Venti', 'Anemo', 2,
                                          'Skyward Sonnet decreases opponents\' Anemo RES and Physical RES by 12% for 10s.' + char(10) +
                                          'Opponents launched by Skyward Sonnet suffer an additional 12% Anemo RES and ' +
                                          'Physical RES decrease while airborne.');
INSERT INTO constellation_level VALUES ('Ode to Thousand Winds', 'Venti', 'Anemo', 3,
                                          'Increases the Level of Wind\'s Grand Ode by 3.' + char(10) +
                                          'Maximum upgrade level is 15.');
INSERT INTO constellation_level VALUES ('Hurricane of Freedom', 'Venti', 'Anemo', 4,
                                          'When Venti picks up an Elemental Orb or Particle, he receives a 25% Anemo DMG Bonus for 10s.');
INSERT INTO constellation_level VALUES ('Concerto dal Cielo', 'Venti', 'Anemo', 5,
                                          'Increases the Level of Skyward Sonnet by 3.' + char(10) +
                                          'Maximum upgrade level is 15.');
INSERT INTO constellation_level VALUES ('Storm of Defiance', 'Venti', 'Anemo', 6,
                                          'Targets who take DMG from Wind\'s Grand Ode have their Anemo RES decreased by 20%.' + char(10) +
                                          'If an Elemental Absorption occurred, then their RES towards the corresponding ' +
                                          'Element is also decreased by 20%.');

INSERT INTO constellation_level VALUES ('Crispy Outside, Tender Inside', 'Xiangling', 'Pyro', 1,
                                          'Opponents hit by Guoba\'s attacks have their Pyro RES reduced by 15% for 6s.');
INSERT INTO constellation_level VALUES ('Oil Meets Fire', 'Xiangling', 'Pyro', 2,
                                          'The last attack in a Normal Attack sequence applies the Implode status onto the ' +
                                          'opponent for 2s. An explosion will occur once this duration ends, dealing 75% of ' +
                                          'Xiangling\'s ATK as AoE Pyro DMG.');
INSERT INTO constellation_level VALUES ('Deepfry', 'Xiangling', 'Pyro', 3,
                                          'Increases the Level of Pyronado by 3.' + char(10) +
                                          'Maximum upgrade level is 15.');
INSERT INTO constellation_level VALUES ('Slowbake', 'Xiangling', 'Pyro', 4,
                                          'Pyronado\'s duration is increased by 40%.');
INSERT INTO constellation_level VALUES ('Guoba Mad', 'Xiangling', 'Pyro', 5,
                                          'Increases the Level of Guoba Attack by 3.' + char(10) +
                                          'Maximum upgrade level is 15.');
INSERT INTO constellation_level VALUES ('Condensed Pyronado', 'Xiangling', 'Pyro', 6,
                                          'For the duration of Pyronado, all party members receive a 15% Pyro DMG Bonus.');

INSERT INTO constellation_level VALUES ('Dissolution Eon: Destroyer of Worlds', 'Xiao', 'Anemo', 1,
                                          'Increases Lemniscatic Wind Cycling\'s charges by 1.');
INSERT INTO constellation_level VALUES ('Annihilation Eon: Blossom of Kaleidos', 'Xiao', 'Anemo', 2,
                                          'When in the party and not on the field, Xiao\'s Energy Recharge is increased by 25%.');
INSERT INTO constellation_level VALUES ('Conqueror of Evil: Wrath Deity', 'Xiao', 'Anemo', 3,
                                          'Increases the Level of Lemniscatic Wind Cycling by 3.' + char(10) +
                                          'Maximum upgrade level is 15.');
INSERT INTO constellation_level VALUES ('Transcension: Extinction of Suffering', 'Xiao', 'Anemo', 4,
                                          'When Xiao\'s HP falls below 50%, he gains a 100% DEF Bonus.');
INSERT INTO constellation_level VALUES ('Evolution Eon: Origin of Ignorance', 'Xiao', 'Anemo', 5,
                                          'Increases the Level of Bane of All Evil by 3.' + char(10) +
                                          'Maximum upgrade level is 15.');
INSERT INTO constellation_level VALUES ('Conqueror of Evil: Guardian Yaksha', 'Xiao', 'Anemo', 6,
                                          'While under the effects of Bane of All Evil, hitting at least 2 opponents with ' +
                                          'Xiao\'s Plunging Attack will immediately grant him 1 charge of Lemniscatic Wind ' +
                                          'Cycling, and for the next 1s, he may use Lemniscatic Wind Cycling while ignoring its CD.');

INSERT INTO constellation_level VALUES ('The Scent Remained', 'Xingqiu', 'Hydro', 1,
                                          'Increases the maximum number of Rain Swords by 1.');
INSERT INTO constellation_level VALUES ('Rainbow Upon the Azure Sky', 'Xingqiu', 'Hydro', 2,
                                          'Extends the duration of Guhua Sword: Raincutter by 3s.' + char(10) +
                                          'Decreases the Hydro RES of opponents hit by sword rain attacks by 15% for 4s.');
INSERT INTO constellation_level VALUES ('Weaver of Verses', 'Xingqiu', 'Hydro', 3,
                                          'Increases the Level of Guhua Sword: Raincutter by 3.' + char(10) +
                                          'Maximum upgrade level is 15.');
INSERT INTO constellation_level VALUES ('Evilsoother', 'Xingqiu', 'Hydro', 4,
                                          'Throughout the duration of Guhua Sword: Raincutter, the DMG dealt by Guhua ' +
                                          'Sword: Fatal Rainscreen is increased by 50%.');
INSERT INTO constellation_level VALUES ('Embrace of Rain', 'Xingqiu', 'Hydro', 5,
                                          'Increases the Level of Guhua Sword: Fatal Rainscreen by 3.' + char(10) +
                                          'Maximum upgrade level is 15.');
INSERT INTO constellation_level VALUES ('Hence, Call Them My Own Verses', 'Xingqiu', 6, 'Hydro',
                                          'Activating 2 of Guhua Sword: Raincutter\'s sword rain attacks greatly enhances ' +
                                          'the third sword rain attack. On hit, the third sword rain attack also ' +
                                          'regenerates 3 Energy for Xingqiu.');

INSERT INTO constellation_level VALUES ('Fatal Acceleration', 'Xinyan', 'Pyro', 1,
                                          'Upon scoring a CRIT Hit, increases ATK SPD of Xinyan\'s Normal and Charged Attacks by 12% for 5s.' + char(10) +
                                          'Can only occur once every 5s.');
INSERT INTO constellation_level VALUES ('Impromptu Opening', 'Xinyan', 'Pyro', 2,
                                          'Riff Revolution\'s Physical DMG has its CRIT Rate increased by 100%, and will ' +
                                          'form a shield at Shield Level 3: Rave when cast.');
INSERT INTO constellation_level VALUES ('Double-Stop', 'Xinyan', 'Pyro', 3,
                                          'Increases the Level of Sweeping Fervor by 3.' + char(10) +
                                          'Maximum upgrade level is 15.');
INSERT INTO constellation_level VALUES ('Wildfire Rhythm', 'Xinyan', 'Pyro', 4,
                                          'Sweeping Fervor\'s swing DMG decreases opponent\'s Physical RES by 15% for 12s.');
INSERT INTO constellation_level VALUES ('Screamin\' for an Encore', 'Xinyan', 'Pyro', 5,
                                          'Increases the Level of Riff Revolution by 3.' + char(10) +
                                          'Maximum upgrade level is 15.');
INSERT INTO constellation_level VALUES ('Rockin\' in a Flaming World', 'Xinyan', 'Pyro', 6,
                                          'Decreases the Stamina Consumption of Xinyan\'s Charged Attacks by 30%. ' +
                                          'Additionally, Xinyan\'s Charged Attacks gain an ATK Bonus equal to 50% of her DEF.');

INSERT INTO constellation_level VALUES ('The Law Knows No Kindness', 'Yanfei', 'Pyro', 1,
                                          'When Yanfei uses her Charged Attack, each existing Scarlet Seal additionally ' +
                                          'reduces the stamina cost of this Charged Attack by 10% and increases resistance ' +
                                          'against interruption during its release.');
INSERT INTO constellation_level VALUES ('Right of Final Interpretation', 'Yanfei', 'Pyro', 2,
                                          'Increases Yanfei\'s Charged Attack CRIT Rate by 20% against enemies below 50% HP.');
INSERT INTO constellation_level VALUES ('Samadhi Fire-Forged', 'Yanfei', 'Pyro', 3,
                                          'Increases the Level of Signed Edict by 3.' + char(10) +
                                          'Maximum upgrade level is 15.');
INSERT INTO constellation_level VALUES ('Supreme Amnesty', 'Yanfei', 'Pyro', 4,
                                          'When Done Deal is used:' + char(10) +
                                          'Creates a shield that absorbs up to 45% of Yanfei\'s Max HP for 15s.' + char(10) +
                                          'This shield absorbs Pyro DMG 250% more effectively.');
INSERT INTO constellation_level VALUES ('Abiding Affidavit', 'Yanfei', 'Pyro', 5,
                                          'Increases the Level of Done Deal by 3.' + char(10) +
                                          'Maximum upgrade level is 15.');
INSERT INTO constellation_level VALUES ('Extra Clause', 'Yanfei', 'Pyro', 6,
                                          'Increases the maximum number of Scarlet Seals by 1.');

INSERT INTO constellation_level VALUES ('Agate Ryuukin', 'Yoimiya', 'Pyro', 1,
                                          'The Aurous Blaze created by Ryuukin Saxifrage lasts for an extra 4s.' + char(10) +
                                          'Additionally, when an opponent affected by Aurous Blaze is defeated within its ' +
                                          'duration, Yoimiya\'s ATK is increased by 20% for 20s.');
INSERT INTO constellation_level VALUES ('A Procession of Bonfires', 'Yoimiya', 'Pyro', 2,
                                          'When Yoimiya\'s Pyro DMG scores a CRIT Hit, Yoimiya will gain a 25% Pyro DMG Bonus for 6s.' + char(10) +
                                          'This effect can be triggered even when Yoimiya is not the active character.');
INSERT INTO constellation_level VALUES ('Trickster\'s Flare', 'Yoimiya', 'Pyro', 3,
                                          'Increase the Level of Niwabi Fire-Dance by 3.' + char(10) +
                                          'Maximum upgrade level is 15.');
INSERT INTO constellation_level VALUES ('Pyrotechnic Professional', 'Yoimiya', 'Pyro', 4,
                                          'When Yoimiya\'s own Aurous Blaze triggers an explosion, Niwabi Fire-Dance\'s CD ' +
                                          'is decreased by 1.2.');
INSERT INTO constellation_level VALUES ('A Summer Festival\'s Eve', 'Yoimiya', 'Pyro', 5,
                                          'Increases the Level of Ryuukin Saxifrage by 3.' + char(10) +
                                          'Maximum upgrade level is 15.');
INSERT INTO constellation_level VALUES ('Naganohara Meteor Swarm', 'Yoimiya', 'Pyro', 6,
                                          'During Niwabi Fire-Dance, Yoimiya\'s Normal Attacks have a 50% chance of firing ' +
                                          'an extra Kindling Arrow that deals 60% of its original DMG. This DMG is ' +
                                          'considered Normal Attack DMG.');

INSERT INTO constellation_level VALUES ('Rock, the Backbone of Earth', 'Zhongli', 'Geo', 1,
                                          'Increases the maximum number of Stone Steles created by Dominus Lapidis that may ' +
                                          'exist simultaneously to 2.');
INSERT INTO constellation_level VALUES ('Stone, the Cradle of Jade', 'Zhongli', 'Geo', 2,
                                          'Planet Befall grants nearby characters on the field a Jade Shield when it descends.');
INSERT INTO constellation_level VALUES ('Jade, Shimmering through Darkness', 'Zhongli', 'Geo', 3,
                                          'Increases the Level of Dominus Lapidis by 3.' + char(10) +
                                          'Maximum upgrade level is 15.');
INSERT INTO constellation_level VALUES ('Topaz, Unbreakable and Fearless', 'Zhongli', 'Geo', 4,
                                          'Increases Planet Befall\'s AoE by 20% and increases the duration of Planet ' +
                                          'Befall\'s Petrification effect by 2s.');
INSERT INTO constellation_level VALUES ('Lazuli, Herald of the Order', 'Zhongli', 'Geo', 5,
                                          'Increases the Level of Planet Befall by 3.' + char(10) +
                                          'Maximum upgrade level is 15.');
INSERT INTO constellation_level VALUES ('Chrysos, Bounty of Dominator', 'Zhongli', 'Geo', 6,
                                          'When the Jade Shield takes DMG, 40% of that incoming DMG is converted to HP for the current character.' + char(10) +
                                          'A single instance of regeneration cannot exceed 8% of that character\'s Max HP.');

-- ascension phases
INSERT INTO ascension_phase VALUES (1, 20000, 'Sliver', 1, 0, 3, 1, 3);
INSERT INTO ascension_phase VALUES (2, 40000, 'Fragment', 3, 2, 10, 1, 15);
INSERT INTO ascension_phase VALUES (3, 60000, 'Fragment', 6, 4, 20, 2, 12);
INSERT INTO ascension_phase VALUES (4, 80000, 'Chunk', 3, 8, 30, 2, 18);
INSERT INTO ascension_phase VALUES (5, 100000, 'Chunk', 6, 12, 45, 3, 12);
INSERT INTO ascension_phase VALUES (6, 120000, 'Gemstone', 6, 20, 60, 3, 24);

-- ascensions
INSERT INTO character_ascension VALUES ('Aether', NULL, 'Windwheel Aster', 'Mask');
INSERT INTO character_ascension VALUES ('Albedo', 'Basalt Pillar', 'Cecilia', 'Scroll');
INSERT INTO character_ascension VALUES ('Aloy', 'Crystalline Bloom', 'Crystal Marrow', 'Spectral');
INSERT INTO character_ascension VALUES ('Amber', 'Everflame Seed', 'Small Lamp Grass', 'Arrowhead');
INSERT INTO character_ascension VALUES ('Barbara', 'Cleansing Heart', 'Philanemo Mushroom', 'Scroll');
INSERT INTO character_ascension VALUES ('Beidou', 'Lightning Prism', 'Noctilucous Jade', 'Treasure Hoarder Insignia');
INSERT INTO character_ascension VALUES ('Bennett', 'Everflame Seed', 'Windwheel Aster', 'Treasure Hoarder Insignia');
INSERT INTO character_ascension VALUES ('Chongyun', 'Hoarfrost Core', 'Cor Lapis', 'Mask');
INSERT INTO character_ascension VALUES ('Diluc', 'Everflame Seed', 'Small Lamp Grass', 'Fatui Insignia');
INSERT INTO character_ascension VALUES ('Diona', 'Hoarfrost Core', 'Calla Lily', 'Arrowhead');
INSERT INTO character_ascension VALUES ('Eula', 'Crystalline Bloom', 'Dandelion Seed', 'Mask');
INSERT INTO character_ascension VALUES ('Fischl', 'Lightning Prism', 'Small Lamp Grass', 'Arrowhead');
INSERT INTO character_ascension VALUES ('Ganyu', 'Hoarfrost Core', 'Qingxin', 'Nectar');
INSERT INTO character_ascension VALUES ('Hu Tao', 'Juvenile Jade', 'Silk Flower', 'Nectar');
INSERT INTO character_ascension VALUES ('Jean', 'Hurricane Seed', 'Dandelion Seed', 'Mask');
INSERT INTO character_ascension VALUES ('Kaedehara Kazuha', 'Marionette Core', 'Sea Ganoderma', 'Treasure Hoarder Insignia');
INSERT INTO character_ascension VALUES ('Kaeya', 'Hoarfrost Core', 'Calla Lily', 'Treasure Hoarder Insignia');
INSERT INTO character_ascension VALUES ('Kamisato Ayaka', 'Perpetual Heart', 'Sakura Bloom', 'Handguard');
INSERT INTO character_ascension VALUES ('Keqing', 'Lightning Prism', 'Cor Lapis', 'Nectar');
INSERT INTO character_ascension VALUES ('Klee', 'Everflame Seed', 'Philanemo Mushroom', 'Scroll');
INSERT INTO character_ascension VALUES ('Kujou Sara', 'Storm Beads', 'Dendrobium', 'Mask');
INSERT INTO character_ascension VALUES ('Lisa', 'Lightning Prism', 'Valberry', 'Slime');
INSERT INTO character_ascension VALUES ('Mona', 'Cleansing Heart', 'Philanemo Mushroom', 'Nectar');
INSERT INTO character_ascension VALUES ('Ningguang', 'Basalt Pillar', 'Glaze Lily', 'Fatui Insignia');
INSERT INTO character_ascension VALUES ('Noelle', 'Basalt Pillar', 'Valberry', 'Mask');
INSERT INTO character_ascension VALUES ('Qiqi', 'Hoarfrost Core', 'Violetgrass', 'Scroll');
INSERT INTO character_ascension VALUES ('Raiden Shogun', 'Storm Beads', 'Amakumo Fruit', 'Handguard');
INSERT INTO character_ascension VALUES ('Razor', 'Lightning Prism', 'Wolfhook', 'Mask');
INSERT INTO character_ascension VALUES ('Rosaria', 'Hoarfrost Core', 'Valberry', 'Fatui Insignia');
INSERT INTO character_ascension VALUES ('Sayu', 'Marionette Core', 'Crystal Marrow', 'Nectar');
INSERT INTO character_ascension VALUES ('Sucrose', 'Hurricane Seed', 'Windwheel Aster', 'Nectar');
INSERT INTO character_ascension VALUES ('Tartaglia', 'Cleansing Heart', 'Starconch', 'Fatui Insignia');
INSERT INTO character_ascension VALUES ('Venti', 'Hurricane Seed', 'Cecilia', 'Slime');
INSERT INTO character_ascension VALUES ('Xiangling', 'Everflame Seed', 'Jueyun Chili', 'Slime');
INSERT INTO character_ascension VALUES ('Xiao', 'Juvenile Jade', 'Qingxin', 'Slime');
INSERT INTO character_ascension VALUES ('Xingqiu', 'Cleansing Heart', 'Silk Flower', 'Mask');
INSERT INTO character_ascension VALUES ('Xinyan', 'Everflame Seed', 'Violetgrass', 'Treasure Hoarder Insignia');
INSERT INTO character_ascension VALUES ('Yanfei', 'Juvenile Jade', 'Noctilucous Jade', 'Treasure Hoarder Insignia');
INSERT INTO character_ascension VALUES ('Yoimiya', 'Smoldering Pearl', 'Naku Weed', 'Scroll');
INSERT INTO character_ascension VALUES ('Zhongli', 'Basant Pillar', 'Cor Lapis', 'Slime');

-- talents
INSERT INTO talent VALUES ('Past Memories', 'Aether', NULL, 'Normal Attack',
                            'Normal Attack: Performs up to 5 rapid strikes.' + char(10) +
                            'Charged Attack: Consumes a certain amount of Stamina to unleash 2 rapid sword strikes.' + char(10) +
                            'Plunging Attack: Plunges from mid-air to strike the ground below, damaging opponents ' +
                            'along the path and dealing AoE DMG upon impact.');

INSERT INTO talent VALUES ('Foreign Ironwind', 'Aether', 'Anemo', 'Normal Attack',
                            'Normal Attack: Performs up to 5 rapid strikes.' + char(10) +
                            'Charged Attack: Consumes a certain amount of Stamina to unleash 2 rapid sword strikes.' + char(10) +
                            'Plunging Attack: Plunges from mid-air to strike the ground below, damaging opponents ' +
                            'along the path and dealing AoE DMG upon impact.');
INSERT INTO talent VALUES ('Palm Vortex', 'Aether', 'Anemo', 'Elemental Skill',
                            'Grasping the wind\'s might, you form a vortex of vacuum in your palm, causing continuous ' +
                            'Anemo DMG to opponents in front of you.' + char(10) +
                            'The vacuum vortex explodes when the skill duration ends, causing a greater amount of ' +
                            'Anemo DMG over a larger area.' + char(10) +
                            'Hold: DMG and AoE will gradually increase.' + char(10) +
                            'Elemental Absorption: If the vortex comes into contact with Hydro/Pyro/Cryo/Electro ' +
                            'elements, it will deal additional elemental DMG of that type. Elemental Absorption may ' +
                            'only occur once per use.');
INSERT INTO talent VALUES ('Gust Surge', 'Aether', 'Anemo', 'Elemental Burst',
                            'Guiding the path of the wind currents, you summon a forward-moving tornado that pulls ' +
                            'objects and opponents towards itself, dealing Anemo DMG each 0.5 seconds, 9 times.' + char(10) +
                            'Elemental Absorption If the vortex comes into contact with Hydro/Pyro/Cryo/Electro ' +
                            'elements, it will deal 30.7% additional elemental DMG of that type. Elemental Absorption ' +
                            'may only occur once per use.');
INSERT INTO talent VALUES ('Slitting Wind', 'Aether', 'Anemo', '1st Ascension Passive',
                            'The last hit of a Normal Attack combo unleashes a wind blade, dealing 60% of ATK as ' +
                            'Anemo DMG to all opponents in its path.');
INSERT INTO talent VALUES ('Second Wind', 'Aether', 'Anemo', '4th Ascension Passive',
                            'Palm Vortex kills regenerate 2% HP for 5s. This effect can only occur once every 5s.');

INSERT INTO talent VALUES ('Foreign Rockblade', 'Aether', 'Geo', 'Normal Attack',
                            'Normal Attack: Performs up to 5 rapid strikes.' + char(10) +
                            'Charged Attack: Consumes a certain amount of Stamina to unleash 2 rapid sword strikes.' + char(10) +
                            'Plunging Attack: Plunges from mid-air to strike the ground below, damaging opponents ' +
                            'along the path and dealing AoE DMG upon impact.');
INSERT INTO talent VALUES ('Starfell Sword', 'Aether', 'Geo', 'Elemental Skill',
                            'You disgorge a meteorite from the depths of the earth, dealing AoE Geo DMG. The ' +
                            'meteorite is considered a Geo Construct, and can be climbed or used to block attacks.' + char(10) +
                            'Hold: This skill\'s positioning may be adjusted.');
INSERT INTO talent VALUES ('Wake of Earth', 'Aether', 'Geo', 'Elemental Burst',
                            'Energizing the Geo elements deep underground, you set off expanding shockwaves.' + char(10) +
                            'Launches surrounding opponents back and deals AoE Geo DMG.' + char(10) +
                            'A stone wall is erected at the edges of the shockwave.' + char(10) +
                            'The stone wall is considered a Geo Construct, and may be used to block attacks.');
INSERT INTO talent VALUES ('Shattered Darkrock', 'Aether', 'Geo', '1st Ascension Passive',
                            'Reduces Starfell Sword\'s CD by 2s.');
INSERT INTO talent VALUES ('Frenzied Rockslide', 'Aether', 'Geo', '4th Ascension Passive',
                            'The final hit of a Normal Attack combo triggers a collapse, dealing 60% of ATK as AoE Geo DMG.');

INSERT INTO talent VALUES ('Foreign Thundershock', 'Aether', 'Electro', 'Normal Attack',
                            'Normal Attack: Performs up to 5 rapid strikes.' + char(10) +
                            'Charged Attack: Consumes a certain amount of Stamina to unleash 2 rapid sword strikes.' + char(10) +
                            'Plunging Attack: Plunges from mid-air to strike the ground below, damaging opponents ' +
                            'along the path and dealing AoE DMG upon impact.');
INSERT INTO talent VALUES ('Lightning Blade', 'Aether', 'Electro', 'Elemental Skill',
                            'Unleashes three swift thunder shadows that deal Electro DMG to opponents and leave an
                            'Abundance Amulet behind after hitting an opponent.' + char(10) +
                            '2 Abundance Amulets can be created initially. Using this skill will reset any Abundance'
                            'Amulets that were generated.' + char(10) +
                            'Abundance Amulets' + char(10) +
                            'When a character is near an Abundance Amulet, they will absorb it and obtain the following effects:' + char(10) +

                            'Restores Elemental Energy' + char(10) +
                            'Increases Energy Recharge during the Abundance Amulet\'s duration.');
INSERT INTO talent VALUES ('Bellowing Thunder', 'Aether', 'Electro', 'Elemental Burst',
                            'You call upon the protection of lightning, knocking nearby opponents back and dealing Electro DMG to them.' + char(10) +
                            'Lightning Shroud' + char(10) +
                            'When your active character\'s Normal or Charged Attacks hit opponents, they will call ' +
                            'Falling Thunder forth, dealing Electro DMG.' + char(10) +
                            'When Falling Thunder hits opponents, it will regenerate Energy for that character.' + char(10) +
                            'One instance of Falling Thunder can be generated every 0.5s.');
INSERT INTO talent VALUES ('Thunderflash', 'Aether', 'Electro', '1st Ascension Passive',
                            'When another nearby character in the party obtains an Abundance Amulet created by ' +
                            'Lightning Blade, Lightning Blade\'s CD is decreased by 1.5s.');
INSERT INTO talent VALUES ('Resounding Roar', 'Aether', 'Electro', '4th Ascension Passive',
                            'Increases the Energy Recharge effect granted by Lightning Blade\'s Abundance Amulet by ' +
                            '10% of the Traveler\'s Energy Recharge.');

INSERT INTO talent VALUES ('Favonius Bladework - Weiss', 'Albedo', 'Geo', 'Normal Attack',
                            'Normal Attack: Perform up to 5 rapid strikes.' + char(10) +
                            'Charged Attack: Consumes a certain amount of Stamina to unleash 2 rapid sword strikes.' + char(10) +
                            'Plunging Attack: Plunges from mid-air to strike the ground below, damaging opponents ' +
                            'along the path and dealing AoE DMG upon impact.');
INSERT INTO talent VALUES ('Abiogenesis: Solar Isotoma', 'Albedo', 'Geo', 'Elemental Skill',
                            'Albedo creates a Solar Isotoma using alchemy, which deals AoE Geo DMG on appearance.' + char(10) +
                            'Solar Isotoma has the following properties:' + char(10) +

                             When enemies within the Solar Isotoma zone take damage, the Solar Isotoma will generate Transient Blossoms which deal AoE Geo DMG. DMG dealt scales off Albedo's DEF. Transient Blossoms can only be generated once every 2s.
                             When a character is located at the locus of the Solar Isotoma, the Solar Isotoma will accumulate Geo power to form a crystallized platform that lifts the character up to a certain height. Only one crystallized platform can exist at a time.
                             Solar Isotoma is a Geo Construct.
                             Hold to designate the location of the skill.');
INSERT INTO talent VALUES ('Rite of Progeniture: Tectonic Tide', 'Albedo', 'Geo' 'Elemental Burst',
                            'Under Albedo's command, Geo crystals surge and burst forth, dealing AoE Geo DMG in front of him.
                             If a Solar Isotoma created by Albedo himself is on the field, 7 Fatal Blossoms will be generated in the Solar Isotoma field, bursting violently into bloom and dealing AoE Geo DMG.

                             Tecotonic Tide DMG and Fatal Blossom DMG will not generate Transient Blossoms.');
INSERT INTO talent VALUES ('Calcite Might', 'Albedo', 'Geo', '1st Ascension Passive',
                            'Transient Blossoms generated by Abiogenesis: Solar Isotoma deal 25% more DMG to ' +
                            'opponents whose HP is below 50%.');
INSERT INTO talent VALUES ('Homuncular Nature', 'Albedo', 'Geo', '4th Ascension Passive',
                            'Using Rite of Progeniture: Tectonic Tide increases the Elemental Mastery of nearby party ' +
                            'members by 125 for 10s.');
INSERT INTO talent VALUES ('Flash of Genius', 'Albedo', 'Geo', 'Utility Passive'
                            'When Albedo crafts Weapon Ascension Materials, he has a 10% chance to receive double the product.');

INSERT INTO talent VALUES ('Rapid Fire', 'Aloy', 'Cryo', 'Normal Attack',
'');
INSERT INTO talent VALUES ('Frozen Wilds', 'Aloy', 'Cryo', 'Elemental Skill',
'');
INSERT INTO talent VALUES ('Prophecies of Dawn', 'Aloy', 'Cryo', 'Elemental Burst',
'');
INSERT INTO talent VALUES ('Combat Override', 'Aloy', 'Cryo', '1st Ascension Passive',
'');
INSERT INTO talent VALUES ('Strong Strike', 'Aloy', 'Cryo', '4th Ascension Passive',
'');
INSERT INTO talent VALUES ('Easy Does It', 'Aloy', 'Cryo', 'Utility Passive',
'');

INSERT INTO talent VALUES ('Sharpshooter', 'Amber', 'Pyro', 'Normal Attack',
'');
INSERT INTO talent VALUES ('Explosive Puppet', 'Amber', 'Pyro', 'Elemental Skill',
'');
INSERT INTO talent VALUES ('Fiery Rain', 'Amber', 'Pyro', 'Elemental Burst',
'');
INSERT INTO talent VALUES ('Every Arrow Finds Its Target', 'Amber', 'Pyro', '1st Ascension Passive',
'');
INSERT INTO talent VALUES ('Precise Shot', 'Amber', 'Pyro', '4th Ascension Passive',
'');
INSERT INTO talent VALUES ('Gliding Champion', 'Amber', 'Pyro', 'Utility Passive',
'');

INSERT INTO talent VALUES ('Whisper of Water', 'Barbara', 'Hydro', 'Normal Attack',
'');
INSERT INTO talent VALUES ('Let the Show Begin♪', 'Barbara', 'Hydro', 'Elemental Skill',
'');
INSERT INTO talent VALUES ('Shining Miracle♪', 'Barbara', 'Hydro', 'Elemental Burst',
'');
INSERT INTO talent VALUES ('Glorious Season', 'Barbara', 'Hydro', '1st Ascension Passive',
'');
INSERT INTO talent VALUES ('Encore', 'Barbara', 'Hydro', '4th Ascension Passive',
'');
INSERT INTO talent VALUES ('With My Whole Heart♪', 'Barbara', 'Hydro', 'Utility Passive',
'');

INSERT INTO talent VALUES ('Oceanborne', 'Beidou', 'Electro', 'Normal Attack',
'');
INSERT INTO talent VALUES ('Tidecaller', 'Beidou', 'Electro', 'Elemental Skill',
'');
INSERT INTO talent VALUES ('Stormbreaker', 'Beidou', 'Electro', 'Elemental Burst',
'');
INSERT INTO talent VALUES ('Retribution', 'Beidou', 'Electro', '1st Ascension Passive',
'');
INSERT INTO talent VALUES ('Lightning Storm', 'Beidou', 'Electro', '4th Ascension Passive',
'');
INSERT INTO talent VALUES ('Conqueror of Tides', 'Beidou', 'Electro', 'Utility Passive',
'');

INSERT INTO talent VALUES ('Strike of Fortune', 'Bennett', 'Pyro', 'Normal Attack',
'');
INSERT INTO talent VALUES ('Passion Overload', 'Bennett', 'Pyro', 'Elemental Skill',
'');
INSERT INTO talent VALUES ('Fantastic Voyage', 'Bennett', 'Pyro', 'Elemental Burst',
'');
INSERT INTO talent VALUES ('Rekindle', 'Bennett', 'Pyro', '1st Ascension Passive',
'');
INSERT INTO talent VALUES ('Fearnaught', 'Bennett', 'Pyro', '4th Ascension Passive',
'');
INSERT INTO talent VALUES ('It Should Be Safe...', 'Bennett', 'Pyro', 'Utility Passive',
'');

INSERT INTO talent VALUES ('Demonbane', 'Chongyun', 'Cryo', 'Normal Attack',
'');
INSERT INTO talent VALUES ('Spirit Blade: Chonghua\'s Layered Frost', 'Chongyun', 'Cryo', 'Elemental Skill',
'');
INSERT INTO talent VALUES ('Spirit Blade: Cloud-Parting Star', 'Chongyun', 'Cryo', 'Elemental Burst',
'');
INSERT INTO talent VALUES ('Steady Breathing', 'Chongyun', 'Cryo', '1st Ascension Passive',
'');
INSERT INTO talent VALUES ('Rimechaser Blade', 'Chongyun', 'Cryo', '4th Ascension Passive',
'');
INSERT INTO talent VALUES ('Gallant Journey', 'Chongyun', 'Cryo', 'Utility Passive',
'');

INSERT INTO talent VALUES ('Tempered Sword', 'Diluc', 'Pyro', 'Normal Attack',
'');
INSERT INTO talent VALUES ('Searing Onslaught', 'Diluc', 'Pyro', 'Elemental Skill',
'');
INSERT INTO talent VALUES ('Dawn', 'Diluc', 'Pyro', 'Elemental Burst',
'');
INSERT INTO talent VALUES ('Relentless', 'Diluc', 'Pyro', '1st Ascension Passive',
'');
INSERT INTO talent VALUES ('Blessing of Phoenix', 'Diluc', 'Pyro', '4th Ascension Passive',
'');
INSERT INTO talent VALUES ('Tradition of the Dawn Knight', 'Diluc', 'Pyro', 'Utility Passive',
'');

INSERT INTO talent VALUES ('Kätzlein Style', 'Diona', 'Cryo', 'Normal Attack',
'');
INSERT INTO talent VALUES ('Icy Paws', 'Diona', 'Cryo', 'Elemental Skill',
'');
INSERT INTO talent VALUES ('Signature Mix', 'Diona', 'Cryo', 'Elemental Burst',
'');
INSERT INTO talent VALUES ('Cat\'s Tail Secret Menu', 'Diona', 'Cryo', '1st Ascension Passive',
'');
INSERT INTO talent VALUES ('Drunkards\' Farce', 'Diona', 'Cryo', '4th Ascension Passive',
'');
INSERT INTO talent VALUES ('Complimentary Bar Food', 'Diona', 'Cryo', 'Utility Passive',
'');

INSERT INTO talent VALUES ('Favonius Bladework - Edel', 'Eula', 'Cryo', 'Normal Attack',
'');
INSERT INTO talent VALUES ('Icetide Vortex', 'Eula', 'Cryo', 'Elemental Skill',
'');
INSERT INTO talent VALUES ('Glacial Illumination', 'Eula', 'Cryo', 'Elemental Burst',
'');
INSERT INTO talent VALUES ('Roiling Rime', 'Eula', 'Cryo', '1st Ascension Passive',
'');
INSERT INTO talent VALUES ('Wellspring of War-Lust', 'Eula', 'Cryo', '4th Ascension Passive',
'');
INSERT INTO talent VALUES ('Aristocratic Introspection', 'Eula', 'Cryo', 'Utility Passive',
'');

INSERT INTO talent VALUES ('Bolts of Downfall', 'Fischl', 'Electro', 'Normal Attack',
'');
INSERT INTO talent VALUES ('Nightrider', 'Fischl', 'Electro', 'Elemental Skill',
'');
INSERT INTO talent VALUES ('Midnight Phantasmagoria', 'Fischl', 'Electro', 'Elemental Burst',
'');
INSERT INTO talent VALUES ('Stellar Predator', 'Fischl', 'Electro', '1st Ascension Passive',
'');
INSERT INTO talent VALUES ('Undone Be Thy Sinful Hex', 'Fischl', 'Electro', '4th Ascension Passive',
'');
INSERT INTO talent VALUES ('Mein Hausgarten', 'Fischl', 'Electro', 'Utility Passive',
'');

INSERT INTO talent VALUES ('Liutian Archery', 'Ganyu', 'Cryo', 'Normal Attack',
'');
INSERT INTO talent VALUES ('Trail of the Qilin', 'Ganyu', 'Cryo', 'Elemental Skill',
'');
INSERT INTO talent VALUES ('Celestial Shower', 'Ganyu', 'Cryo', 'Elemental Burst',
'');
INSERT INTO talent VALUES ('Undivided Heart', 'Ganyu', 'Cryo', '1st Ascension Passive',
'');
INSERT INTO talent VALUES ('Harmony between Heaven and Earth', 'Ganyu', 'Cryo', '4th Ascension Passive',
'');
INSERT INTO talent VALUES ('Preserved for the Hunt', 'Ganyu', 'Cryo', 'Utility Passive',
'');

INSERT INTO talent VALUES ('Secret Spear of Wangsheng', 'Hu Tao', 'Pyro', 'Normal Attack',
'');
INSERT INTO talent VALUES ('Guide to Afterlife', 'Hu Tao', 'Pyro', 'Elemental Skill',
 '');
INSERT INTO talent VALUES ('Spirit Soother', 'Hu Tao', 'Pyro', 'Elemental Burst',
'');
INSERT INTO talent VALUES ('Flutter By', 'Hu Tao', 'Pyro', '1st Ascension Passive',
'');
INSERT INTO talent VALUES ('Sanguine Rouge', 'Hu Tao', 'Pyro', '4th Ascension Passive',
'');
INSERT INTO talent VALUES ('The More the Merrier', 'Hu Tao', 'Pyro', 'Utility Passive',
'');

INSERT INTO talent VALUES ('Favonius Bladework', 'Jean', 'Anemo', 'Normal Attack',
'');
INSERT INTO talent VALUES ('Gale Blade', 'Jean', 'Anemo', 'Elemental Skill',
'');
INSERT INTO talent VALUES ('Dandelion Breeze', 'Jean', 'Anemo', 'Elemental Burst',
'');
INSERT INTO talent VALUES ('Wind Companion', 'Jean', 'Anemo', '1st Ascension Passive',
'');
INSERT INTO talent VALUES ('Let the Wind Lead', 'Jean', 'Anemo', '4th Ascension Passive',
'');
INSERT INTO talent VALUES ('Guiding Breeze', 'Jean', 'Anemo', 'Utility Passive',
'');

INSERT INTO talent VALUES ('Garyuu Bladework', 'Kaedehara Kazuha', 'Anemo', 'Normal Attack',
'');
INSERT INTO talent VALUES ('Chihayaburu', 'Kaedehara Kazuha', 'Anemo', 'Elemental Skill',
'');
INSERT INTO talent VALUES ('Kazuha Slash', 'Kaedehara Kazuha', 'Anemo', 'Elemental Burst',
'');
INSERT INTO talent VALUES ('Soumon Swordsmanship', 'Kaedehara Kazuha', 'Anemo', '1st Ascension Passive',
'');
INSERT INTO talent VALUES ('Poetics of Fuubutsu', 'Kaedehara Kazuha', 'Anemo', '4th Ascension Passive',
'');
INSERT INTO talent VALUES ('Cloud Strider', 'Kaedehara Kazuha', 'Anemo', 'Utility Passive',
'');

INSERT INTO talent VALUES ('Ceremonial Bladework', 'Kaeya', 'Cryo', 'Normal Attack',
'');
INSERT INTO talent VALUES ('Frostgnaw', 'Kaeya', 'Cryo', 'Elemental Skill',
'');
INSERT INTO talent VALUES ('Glacial Waltz', 'Kaeya', 'Cryo', 'Elemental Burst',
'');
INSERT INTO talent VALUES ('Cold-Blooded Strike', 'Kaeya', 'Cryo', '1st Ascension Passive',
'');
INSERT INTO talent VALUES ('Glacial Heart', 'Kaeya', 'Cryo', '4th Ascension Passive',
'');
INSERT INTO talent VALUES ('Hidden Strength', 'Kaeya', 'Cryo', 'Utility Passive',
'');

INSERT INTO talent VALUES ('Kamisato Art: Kabuki', 'Kamisato Ayaka', 'Cryo', 'Normal Attack',
'');
INSERT INTO talent VALUES ('Kamisato Art: Hyouka', 'Kamisato Ayaka', 'Cryo', 'Elemental Skill',
'');
INSERT INTO talent VALUES ('Kamisato Art: Soumetsu', 'Kamisato Ayaka', 'Cryo', 'Elemental Burst',
'');
INSERT INTO talent VALUES ('Kamisato Art: Senho', 'Kamisato Ayaka', 'Cryo', 'Alternate Sprint',
'');
INSERT INTO talent VALUES ('Amatsumi Kunitsumi Sanctification', 'Kamisato Ayaka', 'Cryo', '1st Ascension Passive',
'');
INSERT INTO talent VALUES ('Kanten Senmyou Blessing', 'Kamisato Ayaka', 'Cryo', '4th Ascension Passive',
'');
INSERT INTO talent VALUES ('Fruits of Shinsa', 'Kamisato Ayaka', 'Cryo', 'Utility Passive',
'');

INSERT INTO talent VALUES ('Yunlai Swordsmanship', 'Keqing', 'Electro', 'Normal Attack',
'');
INSERT INTO talent VALUES ('Stellar Restoration', 'Keqing', 'Electro', 'Elemental Skill',
'');
INSERT INTO talent VALUES ('Starward Sword', 'Keqing', 'Electro', 'Elemental Burst',
'');
INSERT INTO talent VALUES ('Thundering Penance', 'Keqing', 'Electro', '1st Ascension Passive',
'');
INSERT INTO talent VALUES ('Aristocratic Dignity', 'Keqing', 'Electro', '4th Ascension Passive',
'');
INSERT INTO talent VALUES ('Land\'s Overseer', 'Keqing', 'Electro', 'Utility Passive',
'');

INSERT INTO talent VALUES ('Kaboom!', 'Klee', 'Pyro', 'Normal Attack',
'');
INSERT INTO talent VALUES ('Jumpy Dumpty', 'Klee', 'Pyro', 'Elemental Skill',
'');
INSERT INTO talent VALUES ('Sparks \'n\' Splash', 'Klee', 'Pyro', 'Elemental Burst',
'');
INSERT INTO talent VALUES ('Pounding Surprise', 'Klee', 'Pyro', '1st Ascension Passive',
'');
INSERT INTO talent VALUES ('Sparkling Burst', 'Klee', 'Pyro', '4th Ascension Passive',
'');
INSERT INTO talent VALUES ('All Of My Treasures!', 'Klee', 'Pyro', 'Utility Passive',
'');

INSERT INTO talent VALUES ('Tengu Bowmanship', 'Kujou Sara', 'Electro', 'Normal Attack',
'');
INSERT INTO talent VALUES ('Tengu Stormcall', 'Kujou Sara', 'Electro', 'Elemental Skill',
'');
INSERT INTO talent VALUES ('Subjugation: Koukou Sendou', 'Kujou Sara', 'Electro', 'Elemental Burst',
'');
INSERT INTO talent VALUES ('Immovable Will', 'Kujou Sara', 'Electro', '1st Ascension Passive',
'');
INSERT INTO talent VALUES ('Decorum', 'Kujou Sara', 'Electro', '4th Ascension Passive',
'');
INSERT INTO talent VALUES ('Land Survey', 'Kujou Sara', 'Electro', 'Utility Passive',
'');

INSERT INTO talent VALUES ('Lightning Touch', 'Lisa', 'Electro', 'Normal Attack',
'');
INSERT INTO talent VALUES ('Violet Arc', 'Lisa', 'Electro', 'Elemental Skill',
'');
INSERT INTO talent VALUES ('Lightning Rose', 'Lisa', 'Electro', 'Elemental Burst',
'');
INSERT INTO talent VALUES ('Induced Aftershock', 'Lisa', 'Electro', '1st Ascension Passive',
'');
INSERT INTO talent VALUES ('Static Electricity Field', 'Lisa', 'Electro', '4th Ascension Passive',
'');
INSERT INTO talent VALUES ('General Pharmaceutics', 'Lisa', 'Electro', 'Utility Passive',
'');

INSERT INTO talent VALUES ('Ripple of Fate', 'Mona', 'Hydro', 'Normal Attack',
'');
INSERT INTO talent VALUES ('Mirror Reflection of Doom', 'Mona', 'Hydro', 'Elemental Skill',
'');
INSERT INTO talent VALUES ('Stellaris Phantasm', 'Mona', 'Hydro', 'Elemental Burst',
'');
INSERT INTO talent VALUES ('Illusory Torrent', 'Mona', 'Hydro', 'Alternate Sprint',
'');
INSERT INTO talent VALUES ('Come \'n\' Get Me, Hag!', 'Mona', 'Hydro', '1st Ascension Passive',
'');
INSERT INTO talent VALUES ('Waterborne Destiny', 'Mona', 'Hydro', '4th Ascension Passive',
'');
INSERT INTO talent VALUES ('Principium of Astrology', 'Mona', 'Hydro', 'Utility Passive',
'');

INSERT INTO talent VALUES ('Sparkling Scatter', 'Ningguang', 'Geo', 'Normal Attack',
'');
INSERT INTO talent VALUES ('Jade Screen', 'Ningguang', 'Geo', 'Elemental Skill',
'');
INSERT INTO talent VALUES ('Starshatter', 'Ningguang', 'Geo', 'Elemental Burst',
'');
INSERT INTO talent VALUES ('Backup Plan', 'Ningguang', 'Geo', '1st Ascension Passive',
'');
INSERT INTO talent VALUES ('Strategic Reserve', 'Ningguang', 'Geo', '4th Ascension Passive',
'');
INSERT INTO talent VALUES ('Trove of Marvelous Treasures', 'Ningguang', 'Geo', 'Utility Passive',
'');

INSERT INTO talent VALUES ('Favonius Bladework - Maid', 'Noelle', 'Geo', 'Normal Attack',
'');
INSERT INTO talent VALUES ('Breastplate', 'Noelle', 'Geo', 'Elemental Skill',
'');
INSERT INTO talent VALUES ('Sweeping Time', 'Noelle', 'Geo', 'Elemental Burst',
'');
INSERT INTO talent VALUES ('Devotion', 'Noelle', 'Geo', '1st Ascension Passive',
'');
INSERT INTO talent VALUES ('Nice and Clean', 'Noelle', 'Geo', '4th Ascension Passive',
'');
INSERT INTO talent VALUES ('Maid\'s Knighthood', 'Noelle', 'Geo', 'Utility Passive',
'');

INSERT INTO talent VALUES ('Ancient Sword Art', 'Qiqi', 'Cryo', 'Normal Attack',
'');
INSERT INTO talent VALUES ('Adeptus Art: Herald of Frost', 'Qiqi', 'Cryo', 'Elemental Skill',
'');
INSERT INTO talent VALUES ('Adeptus Art: Preserver of Fortune', 'Qiqi', 'Cryo', 'Elemental Burst',
'');
INSERT INTO talent VALUES ('Life-Prolonging Methods', 'Qiqi', 'Cryo', '1st Ascension Passive',
'');
INSERT INTO talent VALUES ('A Glimpse into Arcanum', 'Qiqi', 'Cryo', '4th Ascension Passive',
'');
INSERT INTO talent VALUES ('Former Life Memories', 'Qiqi', 'Cryo', 'Utility Passive',
'');

INSERT INTO talent VALUES ('Origin', 'Raiden Shogun', 'Electro', 'Normal Attack',
'');
INSERT INTO talent VALUES ('Transcendence: Baleful Omen', 'Raiden Shogun', 'Electro', 'Elemental Skill',
'');
INSERT INTO talent VALUES ('Secret Art: Musou Shinsetsu', 'Raiden Shogun', 'Electro', 'Elemental Burst',
'');
INSERT INTO talent VALUES ('Wishes Unnumbered', 'Raiden Shogun', 'Electro', '1st Ascension Passive',
'');
INSERT INTO talent VALUES ('Enlightened One', 'Raiden Shogun', 'Electro', '4th Ascension Passive',
'');
INSERT INTO talent VALUES ('All-Preserver', 'Raiden Shogun', 'Electro', 'Utility Passive',
'');

INSERT INTO talent VALUES ('Steel Fang', 'Razor', 'Electro', 'Normal Attack',
'');
INSERT INTO talent VALUES ('Claw and Thunder', 'Razor', 'Electro', 'Elemental Skill',
'');
INSERT INTO talent VALUES ('Lightning Fang', 'Razor', 'Electro', 'Elemental Burst',
'');
INSERT INTO talent VALUES ('Awakening', 'Razor', 'Electro', '1st Ascension Passive',
'');
INSERT INTO talent VALUES ('Hunger', 'Razor', 'Electro', '4th Ascension Passive',
'');
INSERT INTO talent VALUES ('Wolvensprint', 'Razor', 'Electro', 'Utility Passive',
'');

INSERT INTO talent VALUES ('Spear of the Church', 'Rosaria', 'Cryo', 'Normal Attack',
'');
INSERT INTO talent VALUES ('Ravaging Confession', 'Rosaria', 'Cryo', 'Elemental Skill',
'');
INSERT INTO talent VALUES ('Rites of Termination', 'Rosaria', 'Cryo', 'Elemental Burst',
'');
INSERT INTO talent VALUES ('Regina Probationum', 'Rosaria', 'Cryo', '1st Ascension Passive',
'');
INSERT INTO talent VALUES ('Shadow Samaritan', 'Rosaria', 'Cryo', '4th Ascension Passive',
'');
INSERT INTO talent VALUES ('Night Walk', 'Rosaria', 'Cryo', 'Utility Passive', '');

INSERT INTO talent VALUES ('Shuumatsuban Ninja Blade', 'Sayu', 'Anemo', 'Normal Attack',
'');
INSERT INTO talent VALUES ('Yoohoo Art: Fuuin Dash', 'Sayu', 'Anemo', 'Elemental Skill',
'');
INSERT INTO talent VALUES ('Yoohoo Art: Mujina Flurry', 'Sayu', 'Anemo', 'Elemental Burst',
'');
INSERT INTO talent VALUES ('Someone More Capable', 'Sayu', 'Anemo', '1st Ascension Passive',
'');
INSERT INTO talent VALUES ('No Work Today!', 'Sayu', 'Anemo', '4th Ascension Passive',
'');
INSERT INTO talent VALUES ('Yoohoo Art: Silencer\'s Secret', 'Sayu', 'Anemo', 'Utility Passive',
'');

INSERT INTO talent VALUES ('Wind Spirit Creation', 'Sucrose', 'Anemo', 'Normal Attack',
'');
INSERT INTO talent VALUES ('Astable Anemohypostasis Creation - 6308', 'Sucrose', 'Anemo', 'Elemental Skill',
'');
INSERT INTO talent VALUES ('Forbidden Creation - Isomer 75 / Type II', 'Sucrose', 'Anemo', 'Elemental Burst',
'');
INSERT INTO talent VALUES ('Catalyst Conversion', 'Sucrose', 'Anemo', '1st Ascension Passive',
'');
INSERT INTO talent VALUES ('Mollis Favonius', 'Sucrose', 'Anemo', '4th Ascension Passive',
'');
INSERT INTO talent VALUES ('Astable Invention', 'Sucrose', 'Anemo', 'Utility Passive',
'');

INSERT INTO talent VALUES ('Cutting Torrent', 'Tartaglia', 'Hydro', 'Normal Attack',
'');
INSERT INTO talent VALUES ('Foul Legacy: Raging Tide', 'Tartaglia', 'Hydro', 'Elemental Skill',
'');
INSERT INTO talent VALUES ('Havoc: Obliteration', 'Tartaglia', 'Hydro', 'Elemental Burst',
'');
INSERT INTO talent VALUES ('Never Ending', 'Tartaglia', 'Hydro', '1st Ascension Passive',
'');
INSERT INTO talent VALUES ('Sword of Torrents', 'Tartaglia', 'Hydro', '4th Ascension Passive',
'');
INSERT INTO talent VALUES ('Master of Weaponry', 'Tartaglia', 'Hydro', 'Utility Passive',
'');

INSERT INTO talent VALUES ('Divine Marksmanship', 'Venti', 'Anemo', 'Normal Attack',
'');
INSERT INTO talent VALUES ('Skyward Sonnet', 'Venti', 'Anemo', 'Elemental Skill',
'');
INSERT INTO talent VALUES ('Wind\'s Grand Ode', 'Venti', 'Anemo', 'Elemental Burst',
'');
INSERT INTO talent VALUES ('Embrace of Winds', 'Venti', 'Anemo', '1st Ascension Passive',
'');
INSERT INTO talent VALUES ('Stormeye', 'Venti', 'Anemo', '4th Ascension Passive',
'');
INSERT INTO talent VALUES ('Windrider', 'Venti', 'Anemo', 'Utility Passive',
'');

INSERT INTO talent VALUES ('Dough-Fu', 'Xiangling', 'Pyro', 'Normal Attack',
'');
INSERT INTO talent VALUES ('Guoba Attack', 'Xiangling', 'Pyro', 'Elemental Skill',
'');
INSERT INTO talent VALUES ('Pyronado', 'Xiangling', 'Pyro', 'Elemental Burst',
'');
INSERT INTO talent VALUES ('Crossfire', 'Xiangling', 'Pyro', '1st Ascension Passive',
'');
INSERT INTO talent VALUES ('Beware, It\'s Super Hot!', 'Xiangling', 'Pyro', '4th Ascension Passive',
'');
INSERT INTO talent VALUES ('Chef de Cuisine', 'Xiangling', 'Pyro', 'Utility Passive',
'');

INSERT INTO talent VALUES ('Whirlwind Thrust', 'Xiao', 'Anemo', 'Normal Attack',
'');
INSERT INTO talent VALUES ('Lemniscatic Wind Cycling', 'Xiao', 'Anemo', 'Elemental Skill',
'');
INSERT INTO talent VALUES ('Bane of All Evil', 'Xiao', 'Anemo', 'Elemental Burst',
'');
INSERT INTO talent VALUES ('Conqueror of Evil: Tamer of Demons', 'Xiao', 'Anemo', '1st Ascension Passive',
'');
INSERT INTO talent VALUES ('Dissolution Eon: Heaven Fall', 'Xiao', 'Anemo', '4th Ascension Passive',
'');
INSERT INTO talent VALUES ('Transcension: Gravity Defier', 'Xiao', 'Anemo', 'Utility Passive',
'');

INSERT INTO talent VALUES ('Guhua Style', 'Xingqiu', 'Hydro', 'Normal Attack',
'');
INSERT INTO talent VALUES ('Guhua Sword: Fatal Rainscreen', 'Xingqiu', 'Hydro', 'Elemental Skill',
'');
INSERT INTO talent VALUES ('Guhua Sword: Raincutter', 'Xingqiu', 'Hydro', 'Elemental Burst',
'');
INSERT INTO talent VALUES ('Hydropathic', 'Xingqiu', 'Hydro', '1st Ascension Passive',
'');
INSERT INTO talent VALUES ('Blades Amidst Raindrops', 'Xingqiu', 'Hydro', '4th Ascension Passive',
'');
INSERT INTO talent VALUES ('Flash of Genius', 'Xingqiu', 'Hydro', 'Utility Passive',
'');

INSERT INTO talent VALUES ('Dance on Fire', 'Xinyan', 'Pyro', 'Normal Attack',
'');
INSERT INTO talent VALUES ('Sweeping Fervor', 'Xinyan', 'Pyro', 'Elemental Skill',
'');
INSERT INTO talent VALUES ('Riff Revolution', 'Xinyan', 'Pyro', 'Elemental Burst',
'');
INSERT INTO talent VALUES ('"The Show Goes On, Even Without an Audience..."', 'Xinyan', 'Pyro', '1st Ascension Passive',
'');
INSERT INTO talent VALUES ('"...Now That\'s Rock \'N\' Roll!"', 'Xinyan', 'Pyro', '4th Ascension Passive',
'');
INSERT INTO talent VALUES ('A Rad Recipe', 'Xinyan', 'Pyro', 'Utility Passive',
'');

INSERT INTO talent VALUES ('Seal of Approval', 'Yanfei', 'Pyro', 'Normal Attack',
'');
INSERT INTO talent VALUES ('Signed Edict', 'Yanfei', 'Pyro', 'Elemental Skill',
'');
INSERT INTO talent VALUES ('Done Deal', 'Yanfei', 'Pyro', 'Elemental Burst',
'');
INSERT INTO talent VALUES ('Proviso', 'Yanfei', 'Pyro', '1st Ascension Passive',
'');
INSERT INTO talent VALUES ('Blazing Eye', 'Yanfei', 'Pyro', '4th Ascension Passive',
'');
INSERT INTO talent VALUES ('Encyclopedic Expertise', 'Yanfei', 'Pyro', 'Utility Passive',
'');

INSERT INTO talent VALUES ('Firework Flare-Up', 'Yoimiya', 'Pyro', 'Normal Attack',
'');
INSERT INTO talent VALUES ('Niwabi Fire-Dance', 'Yoimiya', 'Pyro', 'Elemental Skill',
'');
INSERT INTO talent VALUES ('Ryuukin Saxifrage', 'Yoimiya', 'Pyro', 'Elemental Burst',
'');
INSERT INTO talent VALUES ('Tricks of the Trouble-Maker', 'Yoimiya', 'Pyro', '1st Ascension Passive',
'');
INSERT INTO talent VALUES ('Summer Night\'s Dawn', 'Yoimiya', 'Pyro', '4th Ascension Passive',
'');
INSERT INTO talent VALUES ('Blazing Match', 'Yoimiya', 'Pyro', 'Utility Passive',
'');

INSERT INTO talent VALUES ('Rain of Stone', 'Zhongli', 'Geo', 'Normal Attack',
'');
INSERT INTO talent VALUES ('Dominus Lapidis', 'Zhongli', 'Geo', 'Elemental Skill',
'');
INSERT INTO talent VALUES ('Planet Befall', 'Zhongli', 'Geo', 'Elemental Burst',
'');
INSERT INTO talent VALUES ('Resonant Waves', 'Zhongli', 'Geo', '1st Ascension Passive',
'');
INSERT INTO talent VALUES ('Dominance of Earth', 'Zhongli', 'Geo', '4th Ascension Passive',
'');
INSERT INTO talent VALUES ('Arcanum of Crystal', 'Zhongli', 'Geo', 'Utility Passive',
'');

-- talent levels

-- materials

-- local specialties
INSERT INTO local_specialty VALUES ('Calla Lily', 'Mondstadt');
INSERT INTO local_specialty VALUES ('Cecilia', 'Mondstadt');
INSERT INTO local_specialty VALUES ('Dandelion Seed', 'Mondstadt');
INSERT INTO local_specialty VALUES ('Philanemo Mushroom', 'Mondstadt');
INSERT INTO local_specialty VALUES ('Small Lamp Grass', 'Mondstadt');
INSERT INTO local_specialty VALUES ('Valberry', 'Mondstadt');
INSERT INTO local_specialty VALUES ('Windwheel Aster', 'Mondstadt');
INSERT INTO local_specialty VALUES ('Wolfhook', 'Mondstadt');
INSERT INTO local_specialty VALUES ('Cor Lapis', 'Liyue');
INSERT INTO local_specialty VALUES ('Glaze Lily', 'Liyue');
INSERT INTO local_specialty VALUES ('Jueyun Chili', 'Liyue');
INSERT INTO local_specialty VALUES ('Notilucous Jade', 'Liyue');
INSERT INTO local_specialty VALUES ('Qingxin', 'Liyue');
INSERT INTO local_specialty VALUES ('Silk Flower', 'Liyue');
INSERT INTO local_specialty VALUES ('Starconch', 'Liyue');
INSERT INTO local_specialty VALUES ('Violetgrass', 'Liyue');
INSERT INTO local_specialty VALUES ('Amakumo Fruit', 'Inazuma');
INSERT INTO local_specialty VALUES ('Crystal Marrow', 'Inazuma');
INSERT INTO local_specialty VALUES ('Dendrobium', 'Inazuma');
INSERT INTO local_specialty VALUES ('Nadu Weed', 'Inazuma');
INSERT INTO local_specialty VALUES ('Onikabuto', 'Inazuma');
INSERT INTO local_specialty VALUES ('Sakura Bloom', 'Inazuma');
INSERT INTO local_specialty VALUES ('Sango Pearl', 'Inazuma');
INSERT INTO local_specialty VALUES ('Sea Ganoderma', 'Inazuma');

-- constellation activation materials
INSERT INTO constellation_activation_material VALUES ('Four Star Stella Fortuna');
INSERT INTO constellation_activation_material VALUES ('Five Star Stella Fortuna');
INSERT INTO constellation_activation_material VALUES ('Memory of Roving Gales');
INSERT INTO constellation_activation_material VALUES ('Memory of Immovable Crystals');
INSERT INTO constellation_activation_material VALUES ('Memory of Violet Flash');

-- common enemies
INSERT INTO common_enemy VALUES ('Large Slime', 'Mutant Electro', 'Between');
INSERT INTO common_enemy VALUES ('Whopperflower', 'Cryo', 'Before');
INSERT INTO common_enemy VALUES ('Whopperflower', 'Pyro', 'Before');
INSERT INTO common_enemy VALUES ('Whopperflower', 'Electro', 'Before');
INSERT INTO common_enemy VALUES ('Specter', 'Anemo', 'Before');
INSERT INTO common_enemy VALUES ('Specter', 'Geo', 'Before');
INSERT INTO common_enemy VALUES ('Specter', 'Hydro', 'Before');
INSERT INTO common_enemy VALUES ('Hilichurl', NULL, NULL);
INSERT INTO common_enemy VALUES ('Hilichurl', 'Fighter', 'After');
INSERT INTO common_enemy VALUES ('Hilichurl', 'Berserker', 'After');
INSERT INTO common_enemy VALUES ('Hilichurl Guard', 'Wooden Shield', 'Before');
INSERT INTO common_enemy VALUES ('Hilichurl Guard', 'Rock Shield', 'Before');
INSERT INTO common_enemy VALUES ('Hilichurl Guard', 'Ice Shield', 'Before');
INSERT INTO common_enemy VALUES ('Hilichurl Grenadier', 'Pyro', 'Before');
INSERT INTO common_enemy VALUES ('Hilichurl Grenadier', 'Cryo', 'Before');
INSERT INTO common_enemy VALUES ('Hilichurl Grenadier', 'Electro', 'Before');
INSERT INTO common_enemy VALUES ('Hilichurl Shooter', NULL, NULL);
INSERT INTO common_enemy VALUES ('Hilichurl Shooter', 'Electro', 'Before');
INSERT INTO common_enemy VALUES ('Hilichurl Shooter', 'Cryo', 'Before');
INSERT INTO common_enemy VALUES ('Hilichurl Shooter', 'Pyro', 'Before');
INSERT INTO common_enemy VALUES ('Hilichurl', 'Unusual', 'Before');
INSERT INTO common_enemy VALUES ('Fatui Vanguard', 'Anemoboxer', 'Between');
INSERT INTO common_enemy VALUES ('Fatui Vanguard', 'Electrohammer', 'Between');
INSERT INTO common_enemy VALUES ('Fatui Bracer', 'Geochanter', 'Between');
INSERT INTO common_enemy VALUES ('Fatui Bracer', 'Pyroslinger', 'Between');
INSERT INTO common_enemy VALUES ('Fatui Legionnaire', 'Cryogunner', 'Between');
INSERT INTO common_enemy VALUES ('Fatui Legionnaire', 'Hydrogunner', 'Between');
INSERT INTO common_enemy VALUES ('Treasure Hoarder Potioneer', 'Electro', 'Between');
INSERT INTO common_enemy VALUES ('Treasure Hoarder Potioneer', 'Cryo', 'Between');
INSERT INTO common_enemy VALUES ('Treasure Hoarder Potioneer', 'Hydro', 'Between');
INSERT INTO common_enemy VALUES ('Treasure Hoarder Potioneer', 'Pyro', 'Between');
INSERT INTO common_enemy VALUES ('Treasure Hoarder', 'Crusher', 'After');
INSERT INTO common_enemy VALUES ('Treasure Hoarder', 'Gravedigger', 'After');
INSERT INTO common_enemy VALUES ('Treasure Hoarder', 'Marksman', 'After');
INSERT INTO common_enemy VALUES ('Treasure Hoarder', 'Scout', 'After');
INSERT INTO common_enemy VALUES ('Treasure Hoarder', 'Handyman', 'After');
INSERT INTO common_enemy VALUES ('Treasure Hoarder', 'Pugilist', 'After');
INSERT INTO common_enemy VALUES ('Treasure Hoarder', 'Seaman', 'After');
INSERT INTO common_enemy VALUES ('Nobushi', 'Dancing Thunder', 'After Colon');
INSERT INTO common_enemy VALUES ('Kairagi', 'Fiery Might', 'After Colon');

-- common ascension materials
INSERT INTO common_ascension_material VALUES ('Slime', 'Condensate');
INSERT INTO common_ascension_material VALUES ('Slime', 'Secretions');
INSERT INTO common_ascension_material VALUES ('Slime', 'Concentrate');
INSERT INTO common_ascension_material VALUES ('Mask', 'Damaged');
INSERT INTO common_ascension_material VALUES ('Mask', 'Stained');
INSERT INTO common_ascension_material VALUES ('Mask', 'Ominous');
INSERT INTO common_ascension_material VALUES ('Scroll', 'Divining');
INSERT INTO common_ascension_material VALUES ('Scroll', 'Sealed');
INSERT INTO common_ascension_material VALUES ('Scroll', 'Forbidden Curse');
INSERT INTO common_ascension_material VALUES ('Arrowhead', 'Firm');
INSERT INTO common_ascension_material VALUES ('Arrowhead', 'Sharp');
INSERT INTO common_ascension_material VALUES ('Arrowhead', 'Weathered');
INSERT INTO common_ascension_material VALUES ('Fatui Insignia', 'Recruit\'s');
INSERT INTO common_ascension_material VALUES ('Fatui Insignia', 'Sergeant\'s');
INSERT INTO common_ascension_material VALUES ('Fatui Insignia', 'Lieutenant\'s');
INSERT INTO common_ascension_material VALUES ('Treasure Hoarder Insignia', NULL);
INSERT INTO common_ascension_material VALUES ('Treasure Hoarder Insignia', 'Silver Raven');
INSERT INTO common_ascension_material VALUES ('Treasure Hoarder Insignia', 'Golden Raven');
INSERT INTO common_ascension_material VALUES ('Nectar', 'Whopperflower');
INSERT INTO common_ascension_material VALUES ('Nectar', 'Shimmering');
INSERT INTO common_ascension_material VALUES ('Nectar', 'Energy');
INSERT INTO common_ascension_material VALUES ('Handguard', 'Old');
INSERT INTO common_ascension_material VALUES ('Handguard', 'Kagueuchi');
INSERT INTO common_ascension_material VALUES ('Handguard', 'Famed');
INSERT INTO common_ascension_material VALUES ('Spectral', 'Husk');
INSERT INTO common_ascension_material VALUES ('Spectral', 'Heart');
INSERT INTO common_ascension_material VALUES ('Spectral', 'Nucelus');

-- common enemy drops
INSERT INTO common_enemy_drop VALUES ('Slime', 'Slime');
INSERT INTO common_enemy_drop VALUES ('Large Slime', 'Slime');
INSERT INTO common_enemy_drop VALUES ('Whopperflower', 'Nectar');
INSERT INTO common_enemy_drop VALUES ('Specter', 'Spectral');
INSERT INTO common_enemy_drop VALUES ('Hilichurl', 'Mask');
INSERT INTO common_enemy_drop VALUES ('Hilichurl Guard', 'Mask');
INSERT INTO common_enemy_drop VALUES ('Hilichurl Grenadier', 'Mask');
INSERT INTO common_enemy_drop VALUES ('Hilichurl Shooter', 'Mask');
INSERT INTO common_enemy_drop VALUES ('Hilichurl Shooter', 'Arrowhead');
INSERT INTO common_enemy_drop VALUES ('Samachurl', 'Mask');
INSERT INTO common_enemy_drop VALUES ('Samachurl', 'Scroll');
INSERT INTO common_enemy_drop VALUES ('Fatui Vanguard', 'Fatui Insignia');
INSERT INTO common_enemy_drop VALUES ('Fatui Bracer', 'Fatui Insignia');
INSERT INTO common_enemy_drop VALUES ('Fatui Legionnaire', 'Fatui Insignia');
INSERT INTO common_enemy_drop VALUES ('Treasure Hoarder Potioneer', 'Treasure Hoarder Insignia');
INSERT INTO common_enemy_drop VALUES ('Treasure Hoarder', 'Treasure Hoarder Insignia');
INSERT INTO common_enemy_drop VALUES ('Nobushi', 'Handguard');
INSERT INTO common_enemy_drop VALUES ('Kairagi', 'Handguard');

-- normal bosses
INSERT INTO normal_boss VALUES ('Anemo Hypostasis', 'Mondstadt');
INSERT INTO normal_boss VALUES ('Electro Hypostasis', 'Mondstadt');
INSERT INTO normal_boss VALUES ('Cryo Regisvine', 'Mondstadt');
INSERT INTO normal_boss VALUES ('Cryo Hypostasis', 'Mondstadt');
INSERT INTO normal_boss VALUES ('Oceanid', 'Liyue');
INSERT INTO normal_boss VALUES ('Pyro Regisvine', 'Liyue');
INSERT INTO normal_boss VALUES ('Geo Hypostasis', 'Liyue');
INSERT INTO normal_boss VALUES ('Primo Geovishap', 'Liyue');
INSERT INTO normal_boss VALUES ('Maguu Kenki', 'Inazuma');
INSERT INTO normal_boss VALUES ('Pyro Hypostasis', 'Inazuma');
INSERT INTO normal_boss VALUES ('Perpetual Mechanical Array', 'Inazuma');
INSERT INTO normal_boss VALUES ('Hydro Hypostasis', 'Inazuma');
INSERT INTO normal_boss VALUES ('Thunder Manifestation', 'Inazuma');

-- normal boss drops
INSERT INTO normal_boss_drop VALUES ('Hurricane Seed', 'Anemo Hypostasis');
INSERT INTO normal_boss_drop VALUES ('Lightning Prism', 'Electro Hypostasis');
INSERT INTO normal_boss_drop VALUES ('Basalt Pillar', 'Geo Hypostasis');
INSERT INTO normal_boss_drop VALUES ('Hoarfrost Core', 'Cryo Regisvine');
INSERT INTO normal_boss_drop VALUES ('Everflame Seed', 'Pyro Regisvine');
INSERT INTO normal_boss_drop VALUES ('Cleansing Heart', 'Oceanid');
INSERT INTO normal_boss_drop VALUES ('Juvenile Jade', 'Primo Geovishap');
INSERT INTO normal_boss_drop VALUES ('Crystalline Bloom', 'Cryo Hypostasis');
INSERT INTO normal_boss_drop VALUES ('Marionette Core', 'Maguu Kenki');
INSERT INTO normal_boss_drop VALUES ('Perpetual Heart', 'Perpetual Mechanical Array');
INSERT INTO normal_boss_drop VALUES ('Smoldering Pearl', 'Pyro Hypostasis');
INSERT INTO normal_boss_drop VALUES ('Dew of Repudiation', 'Hydro Hypostasis');
INSERT INTO normal_boss_drop VALUES ('Storm Beads', 'Thunder Manifestation');

-- domains
INSERT INTO domain VALUES ('Forsaken Rift', 'Mondstadt');
INSERT INTO domain VALUES ('Taishan Mansion', 'Liyue');
INSERT INTO domain VALUES ('Violet Court', 'Inazuma');
INSERT INTO domain VALUES ('Confront Stormterror', 'Mondstadt');
INSERT INTO domain VALUES ('Enter the Golden House', 'Liyue');
INSERT INTO domain VALUES ('Beneath the Dragon-Queller', 'Liyue');
INSERT INTO domain VALUES ('Narukami Island: Tenshukaku', 'Inazuma');

-- talent books
INSERT INTO talent_book_series VALUES ('Freedom', 'Forsaken Rift', 'Monday', 'Thursday');
INSERT INTO talent_book_series VALUES ('Resistance', 'Forsaken Rift', 'Tuesday', 'Friday');
INSERT INTO talent_book_series VALUES ('Ballad', 'Forsaken Rift', 'Wednesday', 'Saturday');
INSERT INTO talent_book_series VALUES ('Prosperity', 'Taishan Mansion', 'Monday', 'Thursday');
INSERT INTO talent_book_series VALUES ('Diligence', 'Taishan Mansion', 'Tuesday', 'Friday');
INSERT INTO talent_book_series VALUES ('Gold', 'Taishan Mansion', 'Wednesday', 'Saturday');
INSERT INTO talent_book_series VALUES ('Transience', 'Violet Court', 'Monday', 'Thursday');
INSERT INTO talent_book_series VALUES ('Elegance', 'Violet Court', 'Tuesday', 'Friday');
INSERT INTO talent_book_series VALUES ('Light', 'Violet Court', 'Wednesday', 'Saturday');

-- weekly bosses
INSERT INTO weekly_boss VALUES ('Dvalin', 'Confront Stormterror');
INSERT INTO weekly_boss VALUES ('Andrius', NULL);
INSERT INTO weekly_boss VALUES ('Childe', 'Enter the Golden House');
INSERT INTO weekly_boss VALUES ('Azhdaha', 'Beneath the Dragon-Queller');
INSERT INTO weekly_boss VALUES ('Signora', 'Narukami Island: Tenshukaku');

-- weekly boss drops
INSERT INTO weekly_boss_drop VALUES ('Dvalin\'s Plume', 'Dvalin');
INSERT INTO weekly_boss_drop VALUES ('Dvalin\'s Claw', 'Dvalin');
INSERT INTO weekly_boss_drop VALUES ('Dvalin\'s Sigh', 'Dvalin');
INSERT INTO weekly_boss_drop VALUES ('Tail of Boreas', 'Andrius');
INSERT INTO weekly_boss_drop VALUES ('Ring of Boreas', 'Andrius');
INSERT INTO weekly_boss_drop VALUES ('Spirit Locket of Boreas', 'Andrius');
INSERT INTO weekly_boss_drop VALUES ('Tusk of Monoceros Caeli', 'Childe');
INSERT INTO weekly_boss_drop VALUES ('Shard of a Foul Legacy', 'Childe');
INSERT INTO weekly_boss_drop VALUES ('Shadow of the Warrior', 'Childe');
INSERT INTO weekly_boss_drop VALUES ('Dragon Lord\'s Crown', 'Azhdaha');
INSERT INTO weekly_boss_drop VALUES ('Bloodjade Branch', 'Azhdaha');
INSERT INTO weekly_boss_drop VALUES ('Gilded Scale', 'Azhdaha');
INSERT INTO weekly_boss_drop VALUES ('Molten Moment', 'Signora');
INSERT INTO weekly_boss_drop VALUES ('Hellfire Butterfly', 'Signora');
INSERT INTO weekly_boss_drop VALUES ('Ashen Heart', 'Signora');