-- characters
INSERT INTO character VALUES ('Aether', 5, NULL, 'Sword', 'Male', NULL);
INSERT INTO character VALUES ('Albedo', 5, 'Geo', 'Sword', 'Male', 'Mondstadt');
INSERT INTO character VALUES ('Aloy', 5, 'Cryo', 'Bow', 'Female', NULL);
INSERT INTO character VALUES ('Amber', 4, 'Pyro', 'Bow', 'Female', 'Mondstadt');
INSERT INTO character VALUES ('Barbara', 4, 'Hydro', 'Catalyst', 'Female', 'Mondstadt');
INSERT INTO character VALUES ('Beidou', 4, 'Electro', 'Claymore', 'Female', 'Liyue');
INSERT INTO character VALUES ('Bennett', 4, 'Pyro', 'Sword', 'Male', 'Mondstadt');
INSERT INTO character VALUES ('Chongyun', 4, 'Cryo', 'Claymore', 'Male', 'Liyue');
INSERT INTO character VALUES ('Diluc', 5, 'Pyro', 'Claymore', 'Male', 'Mondstadt');
INSERT INTO character VALUES ('Diona', 4, 'Cryo', 'Bow', 'Female', 'Mondstadt');
INSERT INTO character VALUES ('Eula', 5, 'Cryo', 'Claymore', 'Female', 'Mondstadt');
INSERT INTO character VALUES ('Fischl', 4, 'Electro', 'Bow', 'Female', 'Mondstadt');
INSERT INTO character VALUES ('Ganyu', 5, 'Cryo', 'Bow', 'Female', 'Liyue');
INSERT INTO character VALUES ('Hu Tao', 5, 'Pyro', 'Polearm', 'Female', 'Liyue');
INSERT INTO character VALUES ('Jean', 5, 'Anemo', 'Sword', 'Female', 'Mondstadt');
INSERT INTO character VALUES ('Kaedehara Kazuha', 5, 'Anemo', 'Sword', 'Male', 'Inazuma');
INSERT INTO character VALUES ('Kaeya', 4, 'Cryo', 'Sword', 'Male', 'Mondstadt');
INSERT INTO character VALUES ('Kamisato Ayaka', 5, 'Cryo', 'Sword', 'Female', 'Inazuma');
INSERT INTO character VALUES ('Keqing', 5, 'Electro', 'Sword', 'Female', 'Liyue');
INSERT INTO character VALUES ('Klee', 5, 'Pyro', 'Catalyst', 'Female', 'Mondstadt');
INSERT INTO character VALUES ('Kujou Sara', 4, 'Electro', 'Bow', 'Female', 'Inazuma');
INSERT INTO character VALUES ('Lisa', 4, 'Electro', 'Catalyst', 'Female', 'Mondstadt');
INSERT INTO character VALUES ('Lumine', 5, NULL, 'Sword', 'Female', NULL);
INSERT INTO character VALUES ('Mona', 5, 'Hydro', 'Catalyst', 'Female', 'Mondstadt');
INSERT INTO character VALUES ('Ningguang', 4, 'Geo', 'Catalyst', 'Female', 'Liyue');
INSERT INTO character VALUES ('Noelle', 4, 'Geo', 'Claymore', 'Female', 'Mondstadt');
INSERT INTO character VALUES ('Qiqi', 5, 'Cryo', 'Sword', 'Female', 'Liyue');
INSERT INTO character VALUES ('Raiden Shogun', 5, 'Electro', 'Polearm', 'Female', 'Inazuma');
INSERT INTO character VALUES ('Razor', 4, 'Electro', 'Claymore', 'Male', 'Mondstadt');
INSERT INTO character VALUES ('Rosaria', 4, 'Cryo', 'Polearm', 'Female', 'Mondstadt');
INSERT INTO character VALUES ('Sayu', 4, 'Anemo', 'Claymore', 'Female', 'Inazuma');
INSERT INTO character VALUES ('Sucrose', 4, 'Anemo', 'Catalyst', 'Female', 'Mondstadt');
INSERT INTO character VALUES ('Tartaglia', 5, 'Hydro', 'Bow', 'Male', 'Snezhnaya');
INSERT INTO character VALUES ('Venti', 5, 'Anemo', 'Bow', 'Male', 'Mondstadt');
INSERT INTO character VALUES ('Xiangling', 4, 'Pyro', 'Polearm', 'Female', 'Liyue');
INSERT INTO character VALUES ('Xiao', 5, 'Anemo', 'Polearm', 'Male', 'Liyue');
INSERT INTO character VALUES ('Xingqiu', 4, 'Hydro', 'Sword', 'Male', 'Liyue');
INSERT INTO character VALUES ('Xinyan', 4, 'Pyro', 'Claymore', 'Female', 'Liyue');
INSERT INTO character VALUES ('Yanfei', 4, 'Pyro', 'Catalyst', 'Female', 'Liyue');
INSERT INTO character VALUES ('Yoimiya', 5, 'Pyro', 'Bow', 'Female', 'Inazuma');
INSERT INTO character VALUES ('Zhongli', 5, 'Geo', 'Polearm', 'Male', 'Liyue');

-- talents

-- constellations

-- ascensions

-- talent levels

-- materials

-- local specialties
INSERT INTO local_specialty VALUES ('Calla Lily', 'Mondstadt');
INSERT INTO local_specialty VALUES ('Cecilia', 'Mondstadt');
INSERT INTO local_specialty VALUES ('Dandelion Seed', 'Mondstadt');
INSERT INTO local_specialty VALUES ('Philanemo Mushroom', 'Mondstadt');
INSERT INTO local_specialty VALUES ('Small Lamp Grass', 'Mondstadt');
INSERT INTO local_specialty VALUES ('Valberry', 'Mondstadt');
INSERT INTO local_specialty VALUES ('Windwheel Aster', 'Mondstadt');
INSERT INTO local_specialty VALUES ('Wolfhook', 'Mondstadt');
INSERT INTO local_specialty VALUES ('Cor Lapis', 'Liyue');
INSERT INTO local_specialty VALUES ('Glaze Lily', 'Liyue');
INSERT INTO local_specialty VALUES ('Jueyun Chili', 'Liyue');
INSERT INTO local_specialty VALUES ('Notilucous Jade', 'Liyue');
INSERT INTO local_specialty VALUES ('Qingxin', 'Liyue');
INSERT INTO local_specialty VALUES ('Silk Flower', 'Liyue');
INSERT INTO local_specialty VALUES ('Starconch', 'Liyue');
INSERT INTO local_specialty VALUES ('Violetgrass', 'Liyue');
INSERT INTO local_specialty VALUES ('Amakumo Fruit', 'Inazuma');
INSERT INTO local_specialty VALUES ('Crystal Marrow', 'Inazuma');
INSERT INTO local_specialty VALUES ('Dendrobium', 'Inazuma');
INSERT INTO local_specialty VALUES ('Nadu Weed', 'Inazuma');
INSERT INTO local_specialty VALUES ('Onikabuto', 'Inazuma');
INSERT INTO local_specialty VALUES ('Sakura Bloom', 'Inazuma');
INSERT INTO local_specialty VALUES ('Sango Pearl', 'Inazuma');
INSERT INTO local_specialty VALUES ('Sea Ganoderma', 'Inazuma');

-- constellation activation materials
INSERT INTO constellation_activation_material VALUES ('Four Star Stella Fortuna');
INSERT INTO constellation_activation_material VALUES ('Five Star Stella Fortuna');
INSERT INTO constellation_activation_material VALUES ('Memory of Roving Gales');
INSERT INTO constellation_activation_material VALUES ('Memory of Immovable Crystals');
INSERT INTO constellation_activation_material VALUES ('Memory of Violet Flash');

-- common enemies
INSERT INTO common_enemy VALUES ('Large Slime', 'Mutant Electro', 'Between');
INSERT INTO common_enemy VALUES ('Whopperflower', 'Cryo', 'Before');
INSERT INTO common_enemy VALUES ('Whopperflower', 'Pyro', 'Before');
INSERT INTO common_enemy VALUES ('Whopperflower', 'Electro', 'Before');
INSERT INTO common_enemy VALUES ('Specter', 'Anemo', 'Before');
INSERT INTO common_enemy VALUES ('Specter', 'Geo', 'Before');
INSERT INTO common_enemy VALUES ('Specter', 'Hydro', 'Before');
INSERT INTO common_enemy VALUES ('Hilichurl', NULL, NULL);
INSERT INTO common_enemy VALUES ('Hilichurl', 'Fighter', 'After');
INSERT INTO common_enemy VALUES ('Hilichurl', 'Berserker', 'After');
INSERT INTO common_enemy VALUES ('Hilichurl Guard', 'Wooden Shield', 'Before');
INSERT INTO common_enemy VALUES ('Hilichurl Guard', 'Rock Shield', 'Before');
INSERT INTO common_enemy VALUES ('Hilichurl Guard', 'Ice Shield', 'Before');
INSERT INTO common_enemy VALUES ('Hilichurl Grenadier', 'Pyro', 'Before');
INSERT INTO common_enemy VALUES ('Hilichurl Grenadier', 'Cryo', 'Before');
INSERT INTO common_enemy VALUES ('Hilichurl Grenadier', 'Electro', 'Before');
INSERT INTO common_enemy VALUES ('Hilichurl Shooter', NULL, NULL);
INSERT INTO common_enemy VALUES ('Hilichurl Shooter', 'Electro', 'Before');
INSERT INTO common_enemy VALUES ('Hilichurl Shooter', 'Cryo', 'Before');
INSERT INTO common_enemy VALUES ('Hilichurl Shooter', 'Pyro', 'Before');
INSERT INTO common_enemy VALUES ('Hilichurl', 'Unusual', 'Before');
INSERT INTO common_enemy VALUES ('Fatui Vanguard', 'Anemoboxer', 'Between');
INSERT INTO common_enemy VALUES ('Fatui Vanguard', 'Electrohammer', 'Between');
INSERT INTO common_enemy VALUES ('Fatui Bracer', 'Geochanter', 'Between');
INSERT INTO common_enemy VALUES ('Fatui Bracer', 'Pyroslinger', 'Between');
INSERT INTO common_enemy VALUES ('Fatui Legionnaire', 'Cryogunner', 'Between');
INSERT INTO common_enemy VALUES ('Fatui Legionnaire', 'Hydrogunner', 'Between');
INSERT INTO common_enemy VALUES ('Treasure Hoarder Potioneer', 'Electro', 'Between');
INSERT INTO common_enemy VALUES ('Treasure Hoarder Potioneer', 'Cryo', 'Between');
INSERT INTO common_enemy VALUES ('Treasure Hoarder Potioneer', 'Hydro', 'Between');
INSERT INTO common_enemy VALUES ('Treasure Hoarder Potioneer', 'Pyro', 'Between');
INSERT INTO common_enemy VALUES ('Treasure Hoarder', 'Crusher', 'After');
INSERT INTO common_enemy VALUES ('Treasure Hoarder', 'Gravedigger', 'After');
INSERT INTO common_enemy VALUES ('Treasure Hoarder', 'Marksman', 'After');
INSERT INTO common_enemy VALUES ('Treasure Hoarder', 'Scout', 'After');
INSERT INTO common_enemy VALUES ('Treasure Hoarder', 'Handyman', 'After');
INSERT INTO common_enemy VALUES ('Treasure Hoarder', 'Pugilist', 'After');
INSERT INTO common_enemy VALUES ('Treasure Hoarder', 'Seaman', 'After');
INSERT INTO common_enemy VALUES ('Nobushi', 'Dancing Thunder', 'After Colon');
INSERT INTO common_enemy VALUES ('Kairagi', 'Fiery Might', 'After Colon');

-- common ascension materials
INSERT INTO common_ascension_material VALUES ('Slime', 'Condensate');
INSERT INTO common_ascension_material VALUES ('Slime', 'Secretions');
INSERT INTO common_ascension_material VALUES ('Slime', 'Concentrate');
INSERT INTO common_ascension_material VALUES ('Mask', 'Damaged');
INSERT INTO common_ascension_material VALUES ('Mask', 'Stained');
INSERT INTO common_ascension_material VALUES ('Mask', 'Ominous');
INSERT INTO common_ascension_material VALUES ('Scroll', 'Divining');
INSERT INTO common_ascension_material VALUES ('Scroll', 'Sealed');
INSERT INTO common_ascension_material VALUES ('Scroll', 'Forbidden Curse');
INSERT INTO common_ascension_material VALUES ('Arrowhead', 'Firm');
INSERT INTO common_ascension_material VALUES ('Arrowhead', 'Sharp');
INSERT INTO common_ascension_material VALUES ('Arrowhead', 'Weathered');
INSERT INTO common_ascension_material VALUES ('Fatui Insignia', 'Recruit\'s');
INSERT INTO common_ascension_material VALUES ('Fatui Insignia', 'Sergeant\'s');
INSERT INTO common_ascension_material VALUES ('Fatui Insignia', 'Lieutenant\'s');
INSERT INTO common_ascension_material VALUES ('Treasure Hoarder Insignia', NULL);
INSERT INTO common_ascension_material VALUES ('Treasure Hoarder Insignia', 'Silver Raven');
INSERT INTO common_ascension_material VALUES ('Treasure Hoarder Insignia', 'Golden Raven');
INSERT INTO common_ascension_material VALUES ('Nectar', 'Whopperflower');
INSERT INTO common_ascension_material VALUES ('Nectar', 'Shimmering');
INSERT INTO common_ascension_material VALUES ('Nectar', 'Energy');
INSERT INTO common_ascension_material VALUES ('Handguard', 'Old');
INSERT INTO common_ascension_material VALUES ('Handguard', 'Kagueuchi');
INSERT INTO common_ascension_material VALUES ('Handguard', 'Famed');
INSERT INTO common_ascension_material VALUES ('Spectral', 'Husk');
INSERT INTO common_ascension_material VALUES ('Spectral', 'Heart');
INSERT INTO common_ascension_material VALUES ('Spectral', 'Nucelus');

-- common enemy drops

-- ascension gems

-- normal bosses
INSERT INTO normal_boss VALUES ('Anemo Hypostasis', 'Mondstadt');
INSERT INTO normal_boss VALUES ('Electro Hypostasis', 'Mondstadt');
INSERT INTO normal_boss VALUES ('Cryo Regisvine', 'Mondstadt');
INSERT INTO normal_boss VALUES ('Cryo Hypostasis', 'Mondstadt');
INSERT INTO normal_boss VALUES ('Oceanid', 'Liyue');
INSERT INTO normal_boss VALUES ('Pyro Regisvine', 'Liyue');
INSERT INTO normal_boss VALUES ('Geo Hypostasis', 'Liyue');
INSERT INTO normal_boss VALUES ('Primo Geovishap', 'Liyue');
INSERT INTO normal_boss VALUES ('Maguu Kenki', 'Inazuma');
INSERT INTO normal_boss VALUES ('Pyro Hypostasis', 'Inazuma');
INSERT INTO normal_boss VALUES ('Perpetual Mechanical Array', 'Inazuma');
INSERT INTO normal_boss VALUES ('Hydro Hypostasis', 'Inazuma');
INSERT INTO normal_boss VALUES ('Thunder Manifestation', 'Inazuma');

-- normal boss drops
INSERT INTO normal_boss_drop VALUES ('Hurricane Seed', 'Anemo Hypostasis');
INSERT INTO normal_boss_drop VALUES ('Lightning Prism', 'Electro Hypostasis');
INSERT INTO normal_boss_drop VALUES ('Basalt Pillar', 'Geo Hypostasis');
INSERT INTO normal_boss_drop VALUES ('Hoarfrost Core', 'Cryo Regisvine');
INSERT INTO normal_boss_drop VALUES ('Everflame Seed', 'Pyro Regisvine');
INSERT INTO normal_boss_drop VALUES ('Cleansing Heart', 'Oceanid');
INSERT INTO normal_boss_drop VALUES ('Juvenile Jade', 'Primo Geovishap');
INSERT INTO normal_boss_drop VALUES ('Crystalline Bloom', 'Cryo Hypostasis');
INSERT INTO normal_boss_drop VALUES ('Marionette Core', 'Maguu Kenki');
INSERT INTO normal_boss_drop VALUES ('Perpetual Heart', 'Perpetual Mechanical Array');
INSERT INTO normal_boss_drop VALUES ('Smoldering Pearl', 'Pyro Hypostasis');
INSERT INTO normal_boss_drop VALUES ('Dew of Repudiation', 'Hydro Hypostasis');
INSERT INTO normal_boss_drop VALUES ('Storm Beads', 'Thunder Manifestation');

-- domains
INSERT INTO domain VALUES ('Forsaken Rift', 'Mondstadt');
INSERT INTO domain VALUES ('Taishan Mansion', 'Liyue');
INSERT INTO domain VALUES ('Violet Court', 'Inazuma');
INSERT INTO domain VALUES ('Confront Stormterror', 'Mondstadt');
INSERT INTO domain VALUES ('Enter the Golden House', 'Liyue');
INSERT INTO domain VALUES ('Beneath the Dragon-Queller', 'Liyue');
INSERT INTO domain VALUES ('Narukami Island: Tenshukaku', 'Inazuma');

-- talent books

-- weekly bosses
INSERT INTO weekly_boss VALUES ('Dvalin', 'Confront Stormterror');
INSERT INTO weekly_boss VALUES ('Andrius', NULL);
INSERT INTO weekly_boss VALUES ('Childe', 'Enter the Golden House');
INSERT INTO weekly_boss VALUES ('Azhdaha', 'Beneath the Dragon-Queller');
INSERT INTO weekly_boss VALUES ('Signora', 'Narukami Island: Tenshukaku');

-- weekly boss drops
INSERT INTO weekly_boss_drop VALUES ('Dvalin\'s Plume', 'Dvalin');
INSERT INTO weekly_boss_drop VALUES ('Dvalin\'s Claw', 'Dvalin');
INSERT INTO weekly_boss_drop VALUES ('Dvalin\'s Sigh', 'Dvalin');
INSERT INTO weekly_boss_drop VALUES ('Tail of Boreas', 'Andrius');
INSERT INTO weekly_boss_drop VALUES ('Ring of Boreas', 'Andrius');
INSERT INTO weekly_boss_drop VALUES ('Spirit Locket of Boreas', 'Andrius');
INSERT INTO weekly_boss_drop VALUES ('Tusk of Monoceros Caeli', 'Childe');
INSERT INTO weekly_boss_drop VALUES ('Shard of a Foul Legacy', 'Childe');
INSERT INTO weekly_boss_drop VALUES ('Shadow of the Warrior', 'Childe');
INSERT INTO weekly_boss_drop VALUES ('Dragon Lord\'s Crown', 'Azhdaha');
INSERT INTO weekly_boss_drop VALUES ('Bloodjade Branch', 'Azhdaha');
INSERT INTO weekly_boss_drop VALUES ('Gilded Scale', 'Azhdaha');
INSERT INTO weekly_boss_drop VALUES ('Molten Moment', 'Signora');
INSERT INTO weekly_boss_drop VALUES ('Hellfire Butterfly', 'Signora');
INSERT INTO weekly_boss_drop VALUES ('Ashen Heart', 'Signora');